sku;urun;alan;birim;bizim_deger;bizim_kaynak;uretici_deger;fark;fark_yuzde;kaynak_belge;kaynak_sayfa;kaynak_turu;alinti;hukum;not
AVE-ENKEC155;ENKELFAN 155 EEC;debi (kaynakta tanımsız: Air flow);m³/h;460;AVenS fiyat listesi 2026 s.49: ENKEC 155 | ENKELFAN 155 EEC | 460 m³/h;460;0;0;markalar/avens/plug-fanlar-enkelfan/01-input/82f7f-cata-logo-plug-fans_casals.pdf;16;üretici;ENKEC155 | ENKELFAN 155 EEC | 3950 | 0,25 | 0,06 | 460 | 46 | 3 | 1;aynı;"kaynak ""Air flow"" diyor: en yüksek debi mi çalışma noktası mı belirtilmemiş — AVenS'e sorulur"
AVE-ENKEC155;ENKELFAN 155 EEC;devir;d/dk;3950;canlı teknik veri;3950;0;0;markalar/avens/plug-fanlar-enkelfan/01-input/82f7f-cata-logo-plug-fans_casals.pdf;16;üretici;ENKEC155 | ENKELFAN 155 EEC | 3950 | 0,25 | 0,06 | 460 | 46 | 3 | 1;aynı;
AVE-ENKEC155;ENKELFAN 155 EEC;üretici kodu;;ENKEC155;AVenS fiyat listesi 2026 s.49;ENKEC155;;;markalar/avens/plug-fanlar-enkelfan/01-input/82f7f-cata-logo-plug-fans_casals.pdf;16;üretici;ENKEC155 | ENKELFAN 155 EEC | 3950 | 0,25 | 0,06 | 460 | 46 | 3 | 1;aynı;kod farkı: sürüm farkı mı yazım hatası mı — AVenS'e sorulur
AVE-ENKEC190;ENKELFAN 190 EEC;debi (kaynakta tanımsız: Air flow);m³/h;760;AVenS fiyat listesi 2026 s.49: ENKEC 190 | ENKELFAN 190 EEC | 760 m³/h;760;0;0;markalar/avens/plug-fanlar-enkelfan/01-input/82f7f-cata-logo-plug-fans_casals.pdf;16;üretici;ENKEC190 | ENKELFAN 190 EEC | 3570 | 0,6 | 0,09 | 760 | 49 | 4,5 | 1;aynı;"kaynak ""Air flow"" diyor: en yüksek debi mi çalışma noktası mı belirtilmemiş — AVenS'e sorulur"
AVE-ENKEC190;ENKELFAN 190 EEC;devir;d/dk;3570;canlı teknik veri;3570;0;0;markalar/avens/plug-fanlar-enkelfan/01-input/82f7f-cata-logo-plug-fans_casals.pdf;16;üretici;ENKEC190 | ENKELFAN 190 EEC | 3570 | 0,6 | 0,09 | 760 | 49 | 4,5 | 1;aynı;
AVE-ENKEC190;ENKELFAN 190 EEC;üretici kodu;;ENKEC190;AVenS fiyat listesi 2026 s.49;ENKEC190;;;markalar/avens/plug-fanlar-enkelfan/01-input/82f7f-cata-logo-plug-fans_casals.pdf;16;üretici;ENKEC190 | ENKELFAN 190 EEC | 3570 | 0,6 | 0,09 | 760 | 49 | 4,5 | 1;aynı;kod farkı: sürüm farkı mı yazım hatası mı — AVenS'e sorulur
AVE-ENKEC250;ENKELFAN 250 EEC;debi (kaynakta tanımsız: Air flow);m³/h;1640;AVenS fiyat listesi 2026 s.49: ENKEC 250 | ENKELFAN 250 EEC | 1640 m³/h;1640;0;0;markalar/avens/plug-fanlar-enkelfan/01-input/82f7f-cata-logo-plug-fans_casals.pdf;16;üretici;ENKEC250 | ENKELFAN 250 EEC | 2500 | 1 | 0,15 | 1.640 | 51 | 7,5 | 1;aynı;"kaynak ""Air flow"" diyor: en yüksek debi mi çalışma noktası mı belirtilmemiş — AVenS'e sorulur"
AVE-ENKEC250;ENKELFAN 250 EEC;devir;d/dk;2500;canlı teknik veri;2500;0;0;markalar/avens/plug-fanlar-enkelfan/01-input/82f7f-cata-logo-plug-fans_casals.pdf;16;üretici;ENKEC250 | ENKELFAN 250 EEC | 2500 | 1 | 0,15 | 1.640 | 51 | 7,5 | 1;aynı;
AVE-ENKEC250;ENKELFAN 250 EEC;üretici kodu;;ENKEC250;AVenS fiyat listesi 2026 s.49;ENKEC250;;;markalar/avens/plug-fanlar-enkelfan/01-input/82f7f-cata-logo-plug-fans_casals.pdf;16;üretici;ENKEC250 | ENKELFAN 250 EEC | 2500 | 1 | 0,15 | 1.640 | 51 | 7,5 | 1;aynı;kod farkı: sürüm farkı mı yazım hatası mı — AVenS'e sorulur
AVE-ENKEC310;ENKELFAN 310 EEC;debi (kaynakta tanımsız: Air flow);m³/h;3160;AVenS fiyat listesi 2026 s.49: ENKEC 310 | ENKELFAN 310 EEC | 3160 m³/h;3160;0;0;markalar/avens/plug-fanlar-enkelfan/01-input/82f7f-cata-logo-plug-fans_casals.pdf;16;üretici;ENKEC310 | ENKELFAN 310 EEC | 2350 | 1,7 | 0,36 | 3.160 | 55 | 13 | 2;aynı;"kaynak ""Air flow"" diyor: en yüksek debi mi çalışma noktası mı belirtilmemiş — AVenS'e sorulur"
AVE-ENKEC310;ENKELFAN 310 EEC;devir;d/dk;2350;canlı teknik veri;2350;0;0;markalar/avens/plug-fanlar-enkelfan/01-input/82f7f-cata-logo-plug-fans_casals.pdf;16;üretici;ENKEC310 | ENKELFAN 310 EEC | 2350 | 1,7 | 0,36 | 3.160 | 55 | 13 | 2;aynı;
AVE-ENKEC310;ENKELFAN 310 EEC;üretici kodu;;ENKEC310;AVenS fiyat listesi 2026 s.49;ENKEC310;;;markalar/avens/plug-fanlar-enkelfan/01-input/82f7f-cata-logo-plug-fans_casals.pdf;16;üretici;ENKEC310 | ENKELFAN 310 EEC | 2350 | 1,7 | 0,36 | 3.160 | 55 | 13 | 2;aynı;kod farkı: sürüm farkı mı yazım hatası mı — AVenS'e sorulur
AVE-ENKEC355;ENKELFAN 355 EEC;debi (kaynakta tanımsız: Air flow);m³/h;4890;AVenS fiyat listesi 2026 s.49: ENKEC 355 | ENKELFAN 355 EEC | 4890 m³/h;4890;0;0;markalar/avens/plug-fanlar-enkelfan/01-input/82f7f-cata-logo-plug-fans_casals.pdf;16;üretici;ENKEC355 | ENKELFAN 355 EEC | 2100 | 1,63 | 0,99 | 4.890 | 55 | 17,5 | 3;aynı;"kaynak ""Air flow"" diyor: en yüksek debi mi çalışma noktası mı belirtilmemiş — AVenS'e sorulur"
AVE-ENKEC355;ENKELFAN 355 EEC;devir;d/dk;2100;canlı teknik veri;2100;0;0;markalar/avens/plug-fanlar-enkelfan/01-input/82f7f-cata-logo-plug-fans_casals.pdf;16;üretici;ENKEC355 | ENKELFAN 355 EEC | 2100 | 1,63 | 0,99 | 4.890 | 55 | 17,5 | 3;aynı;
AVE-ENKEC355;ENKELFAN 355 EEC;üretici kodu;;ENKEC355;AVenS fiyat listesi 2026 s.49;ENKEC355;;;markalar/avens/plug-fanlar-enkelfan/01-input/82f7f-cata-logo-plug-fans_casals.pdf;16;üretici;ENKEC355 | ENKELFAN 355 EEC | 2100 | 1,63 | 0,99 | 4.890 | 55 | 17,5 | 3;aynı;kod farkı: sürüm farkı mı yazım hatası mı — AVenS'e sorulur
AVE-ENKEC450;ENKELFAN 450 EEC;debi (kaynakta tanımsız: Air flow);m³/h;6955;AVenS fiyat listesi 2026 s.49: ENKEC 450 | ENKELFAN 450 EEC | 6955 m³/h;6955;0;0;markalar/avens/plug-fanlar-enkelfan/01-input/82f7f-cata-logo-plug-fans_casals.pdf;16;üretici;ENKEC450 | ENKELFAN 450 EEC | 1450 | 1,67 | 1,01 | 6.955 | 48 | 26 | 3;aynı;"kaynak ""Air flow"" diyor: en yüksek debi mi çalışma noktası mı belirtilmemiş — AVenS'e sorulur"
AVE-ENKEC450;ENKELFAN 450 EEC;devir;d/dk;1450;canlı teknik veri;1450;0;0;markalar/avens/plug-fanlar-enkelfan/01-input/82f7f-cata-logo-plug-fans_casals.pdf;16;üretici;ENKEC450 | ENKELFAN 450 EEC | 1450 | 1,67 | 1,01 | 6.955 | 48 | 26 | 3;aynı;
AVE-ENKEC450;ENKELFAN 450 EEC;üretici kodu;;ENKEC450;AVenS fiyat listesi 2026 s.49;ENKEC450;;;markalar/avens/plug-fanlar-enkelfan/01-input/82f7f-cata-logo-plug-fans_casals.pdf;16;üretici;ENKEC450 | ENKELFAN 450 EEC | 1450 | 1,67 | 1,01 | 6.955 | 48 | 26 | 3;aynı;kod farkı: sürüm farkı mı yazım hatası mı — AVenS'e sorulur
AVE-ENKEC500;ENKELFAN 500 EEC;debi (kaynakta tanımsız: Air flow);m³/h;13850;AVenS fiyat listesi 2026 s.49: ENKEC 500 | ENKELFAN 500 EEC | 13850 m³/h;13850;0;0;markalar/avens/plug-fanlar-enkelfan/01-input/82f7f-cata-logo-plug-fans_casals.pdf;16;üretici;ENKEC500 | ENKELFAN 500 EEC | 1800 | 4,95 | 3,00 | 13.850 | 73 | 40 | 4;aynı;"kaynak ""Air flow"" diyor: en yüksek debi mi çalışma noktası mı belirtilmemiş — AVenS'e sorulur"
AVE-ENKEC500;ENKELFAN 500 EEC;devir;d/dk;1800;canlı teknik veri;1800;0;0;markalar/avens/plug-fanlar-enkelfan/01-input/82f7f-cata-logo-plug-fans_casals.pdf;16;üretici;ENKEC500 | ENKELFAN 500 EEC | 1800 | 4,95 | 3,00 | 13.850 | 73 | 40 | 4;aynı;
AVE-ENKEC500;ENKELFAN 500 EEC;üretici kodu;;ENKEC500;AVenS fiyat listesi 2026 s.49;ENKEC500;;;markalar/avens/plug-fanlar-enkelfan/01-input/82f7f-cata-logo-plug-fans_casals.pdf;16;üretici;ENKEC500 | ENKELFAN 500 EEC | 1800 | 4,95 | 3,00 | 13.850 | 73 | 40 | 4;aynı;kod farkı: sürüm farkı mı yazım hatası mı — AVenS'e sorulur
AVE-ENKEC560;ENKELFAN 560 EEC;debi (kaynakta tanımsız: Air flow);m³/h;16100;AVenS fiyat listesi 2026 s.49: ENKEC 560 | ENKELFAN 560 EEC | 16100 m³/h;16100;0;0;markalar/avens/plug-fanlar-enkelfan/01-input/82f7f-cata-logo-plug-fans_casals.pdf;16;üretici;ENKEC560 | ENKELFAN 560 EEC | 1520 | 4,4 | 2,77 | 16.100 | 85 | 48 | 4;aynı;"kaynak ""Air flow"" diyor: en yüksek debi mi çalışma noktası mı belirtilmemiş — AVenS'e sorulur"
AVE-ENKEC560;ENKELFAN 560 EEC;devir;d/dk;1520;canlı teknik veri;1520;0;0;markalar/avens/plug-fanlar-enkelfan/01-input/82f7f-cata-logo-plug-fans_casals.pdf;16;üretici;ENKEC560 | ENKELFAN 560 EEC | 1520 | 4,4 | 2,77 | 16.100 | 85 | 48 | 4;aynı;
AVE-ENKEC560;ENKELFAN 560 EEC;üretici kodu;;ENKEC560;AVenS fiyat listesi 2026 s.49;ENKEC560;;;markalar/avens/plug-fanlar-enkelfan/01-input/82f7f-cata-logo-plug-fans_casals.pdf;16;üretici;ENKEC560 | ENKELFAN 560 EEC | 1520 | 4,4 | 2,77 | 16.100 | 85 | 48 | 4;aynı;kod farkı: sürüm farkı mı yazım hatası mı — AVenS'e sorulur
AVE-ENKEC630;ENKELFAN 630 EEC;debi (kaynakta tanımsız: Air flow);m³/h;18600;AVenS fiyat listesi 2026 s.49: ENKEC630 | ENKELFAN 630 EEC | 18600 m³/h;18600;0;0;markalar/avens/plug-fanlar-enkelfan/01-input/82f7f-cata-logo-plug-fans_casals.pdf;16;üretici;ENKEC630 | ENKELFAN 630 EEC | 1250 | 4,4 | 2,70 | 18.600 | 100 | 53 | 4;aynı;"kaynak ""Air flow"" diyor: en yüksek debi mi çalışma noktası mı belirtilmemiş — AVenS'e sorulur"
AVE-ENKEC630;ENKELFAN 630 EEC;devir;d/dk;1250;canlı teknik veri;1250;0;0;markalar/avens/plug-fanlar-enkelfan/01-input/82f7f-cata-logo-plug-fans_casals.pdf;16;üretici;ENKEC630 | ENKELFAN 630 EEC | 1250 | 4,4 | 2,70 | 18.600 | 100 | 53 | 4;aynı;
AVE-ENKEC630;ENKELFAN 630 EEC;üretici kodu;;ENKEC630;AVenS fiyat listesi 2026 s.49;ENKEC630;;;markalar/avens/plug-fanlar-enkelfan/01-input/82f7f-cata-logo-plug-fans_casals.pdf;16;üretici;ENKEC630 | ENKELFAN 630 EEC | 1250 | 4,4 | 2,70 | 18.600 | 100 | 53 | 4;aynı;kod farkı: sürüm farkı mı yazım hatası mı — AVenS'e sorulur
AVE-NS10014225;NIMUS 1001 T4 45kW;debi (kaynakta tanımsız: Air flow);m³/h;75390;AVenS fiyat listesi 2026 s.47: NS10014225 | NIMUS 1001 T4 45kW | 75390 m³/h;75390;0;0;venthub/markalar/avens/santrifuj-nimus-nimax/01-input/www.casals.com__Casals_catalogue__flipbook__192.txt;flipbook 192;üretici;NS10014225 NIMUS 1001 T4 45kW 1475 - 80,7 45 75.390 79 438,91 1;aynı;"kaynak ""Air flow"" diyor: en yüksek debi mi çalışma noktası mı belirtilmemiş — AVenS'e sorulur"
AVE-NS10014225;NIMUS 1001 T4 45kW;devir;d/dk;1475;canlı teknik veri;1475;0;0;venthub/markalar/avens/santrifuj-nimus-nimax/01-input/www.casals.com__Casals_catalogue__flipbook__192.txt;flipbook 192;üretici;NS10014225 NIMUS 1001 T4 45kW 1475 - 80,7 45 75.390 79 438,91 1;aynı;
AVE-NS10014225;NIMUS 1001 T4 45kW;motor gücü;kW;45;ürün adı (canlı);45;0;0;venthub/markalar/avens/santrifuj-nimus-nimax/01-input/www.casals.com__Casals_catalogue__flipbook__192.txt;flipbook 192;üretici;NS10014225 NIMUS 1001 T4 45kW 1475 - 80,7 45 75.390 79 438,91 1;aynı;
AVE-NS10014225;NIMUS 1001 T4 45kW;üretici kodu;;NS10014225;AVenS fiyat listesi 2026 s.47;NS10014225;;;venthub/markalar/avens/santrifuj-nimus-nimax/01-input/www.casals.com__Casals_catalogue__flipbook__192.txt;flipbook 192;üretici;NS10014225 NIMUS 1001 T4 45kW 1475 - 80,7 45 75.390 79 438,91 1;aynı;kod farkı: sürüm farkı mı yazım hatası mı — AVenS'e sorulur
AVE-NS311280;NIMUS 311 T2 1,1kW;debi (kaynakta tanımsız: Air flow);m³/h;4710;AVenS fiyat listesi 2026 s.47: NS311280 | NIMUS 311 T2 1,1kW | 4710 m³/h;4720;10;0.2;venthub/markalar/avens/santrifuj-nimus-nimax/01-input/www.casals.com__Casals_catalogue__flipbook__192.txt;flipbook 192;üretici;NS311280 NIMUS 311 T2 1,1kW 2800 4,05 2,33 1,10 4.720 58 34,97 1;belirsiz;"kaynak ""Air flow"" diyor: en yüksek debi mi çalışma noktası mı belirtilmemiş — AVenS'e sorulur"
AVE-NS311280;NIMUS 311 T2 1,1kW;devir;d/dk;2800;canlı teknik veri;2800;0;0;venthub/markalar/avens/santrifuj-nimus-nimax/01-input/www.casals.com__Casals_catalogue__flipbook__192.txt;flipbook 192;üretici;NS311280 NIMUS 311 T2 1,1kW 2800 4,05 2,33 1,10 4.720 58 34,97 1;aynı;
AVE-NS311280;NIMUS 311 T2 1,1kW;motor gücü;kW;1.1;ürün adı (canlı);1.1;0;0;venthub/markalar/avens/santrifuj-nimus-nimax/01-input/www.casals.com__Casals_catalogue__flipbook__192.txt;flipbook 192;üretici;NS311280 NIMUS 311 T2 1,1kW 2800 4,05 2,33 1,10 4.720 58 34,97 1;aynı;
AVE-NS311280;NIMUS 311 T2 1,1kW;üretici kodu;;NS311280;AVenS fiyat listesi 2026 s.47;NS311280;;;venthub/markalar/avens/santrifuj-nimus-nimax/01-input/www.casals.com__Casals_catalogue__flipbook__192.txt;flipbook 192;üretici;NS311280 NIMUS 311 T2 1,1kW 2800 4,05 2,33 1,10 4.720 58 34,97 1;aynı;kod farkı: sürüm farkı mı yazım hatası mı — AVenS'e sorulur
AVE-NS351290;NIMUS 351 T2 2,2kW;debi (kaynakta tanımsız: Air flow);m³/h;6750;AVenS fiyat listesi 2026 s.47: NS351290 | NIMUS 351 T2 2,2kW | 6750 m³/h;6750;0;0;venthub/markalar/avens/santrifuj-nimus-nimax/01-input/www.casals.com__Casals_catalogue__flipbook__192.txt;flipbook 192;üretici;NS351290 NIMUS 351 T2 2,2kW 2840 7,97 4,58 2,20 6.750 62 44,12 1;aynı;"kaynak ""Air flow"" diyor: en yüksek debi mi çalışma noktası mı belirtilmemiş — AVenS'e sorulur"
AVE-NS351290;NIMUS 351 T2 2,2kW;devir;d/dk;2840;canlı teknik veri;2840;0;0;venthub/markalar/avens/santrifuj-nimus-nimax/01-input/www.casals.com__Casals_catalogue__flipbook__192.txt;flipbook 192;üretici;NS351290 NIMUS 351 T2 2,2kW 2840 7,97 4,58 2,20 6.750 62 44,12 1;aynı;
AVE-NS351290;NIMUS 351 T2 2,2kW;motor gücü;kW;2.2;ürün adı (canlı);2.2;0;0;venthub/markalar/avens/santrifuj-nimus-nimax/01-input/www.casals.com__Casals_catalogue__flipbook__192.txt;flipbook 192;üretici;NS351290 NIMUS 351 T2 2,2kW 2840 7,97 4,58 2,20 6.750 62 44,12 1;aynı;
AVE-NS351290;NIMUS 351 T2 2,2kW;üretici kodu;;NS351290;AVenS fiyat listesi 2026 s.47;NS351290;;;venthub/markalar/avens/santrifuj-nimus-nimax/01-input/www.casals.com__Casals_catalogue__flipbook__192.txt;flipbook 192;üretici;NS351290 NIMUS 351 T2 2,2kW 2840 7,97 4,58 2,20 6.750 62 44,12 1;aynı;kod farkı: sürüm farkı mı yazım hatası mı — AVenS'e sorulur
AVE-NS351471;NIMUS 351 T4 0,37kW;debi (kaynakta tanımsız: Air flow);m³/h;3370;AVenS fiyat listesi 2026 s.47: NS351471 | NIMUS 351 T4 0,37kW | 3370 m³/h;3370;0;0;venthub/markalar/avens/santrifuj-nimus-nimax/01-input/www.casals.com__Casals_catalogue__flipbook__192.txt;flipbook 192;üretici;NS351471 NIMUS 351 T4 0,37kW 1400 1,86 1,07 0,37 3.370 47 43,16 1;aynı;"kaynak ""Air flow"" diyor: en yüksek debi mi çalışma noktası mı belirtilmemiş — AVenS'e sorulur"
AVE-NS351471;NIMUS 351 T4 0,37kW;devir;d/dk;1400;canlı teknik veri;1400;0;0;venthub/markalar/avens/santrifuj-nimus-nimax/01-input/www.casals.com__Casals_catalogue__flipbook__192.txt;flipbook 192;üretici;NS351471 NIMUS 351 T4 0,37kW 1400 1,86 1,07 0,37 3.370 47 43,16 1;aynı;
AVE-NS351471;NIMUS 351 T4 0,37kW;motor gücü;kW;0.37;ürün adı (canlı);0.37;0;0;venthub/markalar/avens/santrifuj-nimus-nimax/01-input/www.casals.com__Casals_catalogue__flipbook__192.txt;flipbook 192;üretici;NS351471 NIMUS 351 T4 0,37kW 1400 1,86 1,07 0,37 3.370 47 43,16 1;aynı;
AVE-NS351471;NIMUS 351 T4 0,37kW;üretici kodu;;NS351471;AVenS fiyat listesi 2026 s.47;NS351471;;;venthub/markalar/avens/santrifuj-nimus-nimax/01-input/www.casals.com__Casals_catalogue__flipbook__192.txt;flipbook 192;üretici;NS351471 NIMUS 351 T4 0,37kW 1400 1,86 1,07 0,37 3.370 47 43,16 1;aynı;kod farkı: sürüm farkı mı yazım hatası mı — AVenS'e sorulur
AVE-NS4012100;NIMUS 401 T2 4kW;debi (kaynakta tanımsız: Air flow);m³/h;9650;AVenS fiyat listesi 2026 s.47: NS4012100 | NIMUS 401 T2 4kW | 9650 m³/h;9660;10;0.1;venthub/markalar/avens/santrifuj-nimus-nimax/01-input/www.casals.com__Casals_catalogue__flipbook__192.txt;flipbook 192;üretici;NS4012100 NIMUS 401 T2 4kW 2880 13,3 7,63 4,00 9.660 66 61,47 1;belirsiz;"kaynak ""Air flow"" diyor: en yüksek debi mi çalışma noktası mı belirtilmemiş — AVenS'e sorulur"
AVE-NS4012100;NIMUS 401 T2 4kW;devir;d/dk;2880;canlı teknik veri;2880;0;0;venthub/markalar/avens/santrifuj-nimus-nimax/01-input/www.casals.com__Casals_catalogue__flipbook__192.txt;flipbook 192;üretici;NS4012100 NIMUS 401 T2 4kW 2880 13,3 7,63 4,00 9.660 66 61,47 1;aynı;
AVE-NS4012100;NIMUS 401 T2 4kW;motor gücü;kW;4;ürün adı (canlı);4;0;0;venthub/markalar/avens/santrifuj-nimus-nimax/01-input/www.casals.com__Casals_catalogue__flipbook__192.txt;flipbook 192;üretici;NS4012100 NIMUS 401 T2 4kW 2880 13,3 7,63 4,00 9.660 66 61,47 1;aynı;
AVE-NS4012100;NIMUS 401 T2 4kW;üretici kodu;;NS4012100;AVenS fiyat listesi 2026 s.47;NS4012100;;;venthub/markalar/avens/santrifuj-nimus-nimax/01-input/www.casals.com__Casals_catalogue__flipbook__192.txt;flipbook 192;üretici;NS4012100 NIMUS 401 T2 4kW 2880 13,3 7,63 4,00 9.660 66 61,47 1;aynı;kod farkı: sürüm farkı mı yazım hatası mı — AVenS'e sorulur
AVE-NS401480;NIMUS 401 T4 0,55kW;debi (kaynakta tanımsız: Air flow);m³/h;4830;AVenS fiyat listesi 2026 s.47: NS401480 | NIMUS 401 T4 0,55kW | 4830 m³/h;4830;0;0;venthub/markalar/avens/santrifuj-nimus-nimax/01-input/www.casals.com__Casals_catalogue__flipbook__192.txt;flipbook 192;üretici;NS401480 NIMUS 401 T4 0,55kW 1400 2,57 1,49 0,55 4.830 51 55,47 1;aynı;"kaynak ""Air flow"" diyor: en yüksek debi mi çalışma noktası mı belirtilmemiş — AVenS'e sorulur"
AVE-NS401480;NIMUS 401 T4 0,55kW;devir;d/dk;1400;canlı teknik veri;1400;0;0;venthub/markalar/avens/santrifuj-nimus-nimax/01-input/www.casals.com__Casals_catalogue__flipbook__192.txt;flipbook 192;üretici;NS401480 NIMUS 401 T4 0,55kW 1400 2,57 1,49 0,55 4.830 51 55,47 1;aynı;
AVE-NS401480;NIMUS 401 T4 0,55kW;motor gücü;kW;0.55;ürün adı (canlı);0.55;0;0;venthub/markalar/avens/santrifuj-nimus-nimax/01-input/www.casals.com__Casals_catalogue__flipbook__192.txt;flipbook 192;üretici;NS401480 NIMUS 401 T4 0,55kW 1400 2,57 1,49 0,55 4.830 51 55,47 1;aynı;
AVE-NS401480;NIMUS 401 T4 0,55kW;üretici kodu;;NS401480;AVenS fiyat listesi 2026 s.47;NS401480;;;venthub/markalar/avens/santrifuj-nimus-nimax/01-input/www.casals.com__Casals_catalogue__flipbook__192.txt;flipbook 192;üretici;NS401480 NIMUS 401 T4 0,55kW 1400 2,57 1,49 0,55 4.830 51 55,47 1;aynı;kod farkı: sürüm farkı mı yazım hatası mı — AVenS'e sorulur
AVE-NS4512132;NIMUS 451 T2 7,5kW;debi (kaynakta tanımsız: Air flow);m³/h;13740;AVenS fiyat listesi 2026 s.47: NS4512132 | NIMUS 451 T2 7,5kW | 13740 m³/h;13750;10;0.1;venthub/markalar/avens/santrifuj-nimus-nimax/01-input/www.casals.com__Casals_catalogue__flipbook__192.txt;flipbook 192;üretici;NS4512132 NIMUS 451 T2 7,5kW 2910 - 14,1 7,50 13.750 69 86,03 1;belirsiz;"kaynak ""Air flow"" diyor: en yüksek debi mi çalışma noktası mı belirtilmemiş — AVenS'e sorulur"
AVE-NS4512132;NIMUS 451 T2 7,5kW;devir;d/dk;2910;canlı teknik veri;2910;0;0;venthub/markalar/avens/santrifuj-nimus-nimax/01-input/www.casals.com__Casals_catalogue__flipbook__192.txt;flipbook 192;üretici;NS4512132 NIMUS 451 T2 7,5kW 2910 - 14,1 7,50 13.750 69 86,03 1;aynı;
AVE-NS4512132;NIMUS 451 T2 7,5kW;motor gücü;kW;7.5;ürün adı (canlı);7.5;0;0;venthub/markalar/avens/santrifuj-nimus-nimax/01-input/www.casals.com__Casals_catalogue__flipbook__192.txt;flipbook 192;üretici;NS4512132 NIMUS 451 T2 7,5kW 2910 - 14,1 7,50 13.750 69 86,03 1;aynı;
AVE-NS4512132;NIMUS 451 T2 7,5kW;üretici kodu;;NS4512132;AVenS fiyat listesi 2026 s.47;NS4512132;;;venthub/markalar/avens/santrifuj-nimus-nimax/01-input/www.casals.com__Casals_catalogue__flipbook__192.txt;flipbook 192;üretici;NS4512132 NIMUS 451 T2 7,5kW 2910 - 14,1 7,50 13.750 69 86,03 1;aynı;kod farkı: sürüm farkı mı yazım hatası mı — AVenS'e sorulur
AVE-NS451480;NIMUS 451 T4 0,75kW;debi (kaynakta tanımsız: Air flow);m³/h;6870;AVenS fiyat listesi 2026 s.47: NS451480 | NIMUS 451 T4 0,75kW | 6870 m³/h;6870;0;0;venthub/markalar/avens/santrifuj-nimus-nimax/01-input/www.casals.com__Casals_catalogue__flipbook__192.txt;flipbook 192;üretici;NS451480 NIMUS 451 T4 0,75kW 1410 2,83 1,63 0,75 6.870 54 69,17 1;aynı;"kaynak ""Air flow"" diyor: en yüksek debi mi çalışma noktası mı belirtilmemiş — AVenS'e sorulur"
AVE-NS451480;NIMUS 451 T4 0,75kW;devir;d/dk;1410;canlı teknik veri;1410;0;0;venthub/markalar/avens/santrifuj-nimus-nimax/01-input/www.casals.com__Casals_catalogue__flipbook__192.txt;flipbook 192;üretici;NS451480 NIMUS 451 T4 0,75kW 1410 2,83 1,63 0,75 6.870 54 69,17 1;aynı;
AVE-NS451480;NIMUS 451 T4 0,75kW;motor gücü;kW;0.75;ürün adı (canlı);0.75;0;0;venthub/markalar/avens/santrifuj-nimus-nimax/01-input/www.casals.com__Casals_catalogue__flipbook__192.txt;flipbook 192;üretici;NS451480 NIMUS 451 T4 0,75kW 1410 2,83 1,63 0,75 6.870 54 69,17 1;aynı;
AVE-NS451480;NIMUS 451 T4 0,75kW;üretici kodu;;NS451480;AVenS fiyat listesi 2026 s.47;NS451480;;;venthub/markalar/avens/santrifuj-nimus-nimax/01-input/www.casals.com__Casals_catalogue__flipbook__192.txt;flipbook 192;üretici;NS451480 NIMUS 451 T4 0,75kW 1410 2,83 1,63 0,75 6.870 54 69,17 1;aynı;kod farkı: sürüm farkı mı yazım hatası mı — AVenS'e sorulur
AVE-NS5012160;NIMUS 501 T2 11kW;debi (kaynakta tanımsız: Air flow);m³/h;18850;AVenS fiyat listesi 2026 s.47: NS5012160 | NIMUS 501 T2 11kW | 18850 m³/h;18850;0;0;venthub/markalar/avens/santrifuj-nimus-nimax/01-input/www.casals.com__Casals_catalogue__flipbook__192.txt;flipbook 192;üretici;NS5012160 NIMUS 501 T2 11kW 2940 - 20,8 11,00 18.850 73 110,05 1;aynı;"kaynak ""Air flow"" diyor: en yüksek debi mi çalışma noktası mı belirtilmemiş — AVenS'e sorulur"
AVE-NS5012160;NIMUS 501 T2 11kW;devir;d/dk;2940;canlı teknik veri;2940;0;0;venthub/markalar/avens/santrifuj-nimus-nimax/01-input/www.casals.com__Casals_catalogue__flipbook__192.txt;flipbook 192;üretici;NS5012160 NIMUS 501 T2 11kW 2940 - 20,8 11,00 18.850 73 110,05 1;aynı;
AVE-NS5012160;NIMUS 501 T2 11kW;motor gücü;kW;11;ürün adı (canlı);11;0;0;venthub/markalar/avens/santrifuj-nimus-nimax/01-input/www.casals.com__Casals_catalogue__flipbook__192.txt;flipbook 192;üretici;NS5012160 NIMUS 501 T2 11kW 2940 - 20,8 11,00 18.850 73 110,05 1;aynı;
AVE-NS5012160;NIMUS 501 T2 11kW;üretici kodu;;NS5012160;AVenS fiyat listesi 2026 s.47;NS5012160;;;venthub/markalar/avens/santrifuj-nimus-nimax/01-input/www.casals.com__Casals_catalogue__flipbook__192.txt;flipbook 192;üretici;NS5012160 NIMUS 501 T2 11kW 2940 - 20,8 11,00 18.850 73 110,05 1;aynı;kod farkı: sürüm farkı mı yazım hatası mı — AVenS'e sorulur
AVE-NS501490;NIMUS 501 T4 1,5kW;debi (kaynakta tanımsız: Air flow);m³/h;9420;AVenS fiyat listesi 2026 s.47: NS501490 | NIMUS 501 T4 1,5kW | 9420 m³/h;9420;0;0;venthub/markalar/avens/santrifuj-nimus-nimax/01-input/www.casals.com__Casals_catalogue__flipbook__192.txt;flipbook 192;üretici;NS501490 NIMUS 501 T4 1,5kW 1440 5,67 3,26 1,50 9.420 57 87,37 1;aynı;"kaynak ""Air flow"" diyor: en yüksek debi mi çalışma noktası mı belirtilmemiş — AVenS'e sorulur"
AVE-NS501490;NIMUS 501 T4 1,5kW;devir;d/dk;1440;canlı teknik veri;1440;0;0;venthub/markalar/avens/santrifuj-nimus-nimax/01-input/www.casals.com__Casals_catalogue__flipbook__192.txt;flipbook 192;üretici;NS501490 NIMUS 501 T4 1,5kW 1440 5,67 3,26 1,50 9.420 57 87,37 1;aynı;
AVE-NS501490;NIMUS 501 T4 1,5kW;motor gücü;kW;1.5;ürün adı (canlı);1.5;0;0;venthub/markalar/avens/santrifuj-nimus-nimax/01-input/www.casals.com__Casals_catalogue__flipbook__192.txt;flipbook 192;üretici;NS501490 NIMUS 501 T4 1,5kW 1440 5,67 3,26 1,50 9.420 57 87,37 1;aynı;
AVE-NS501490;NIMUS 501 T4 1,5kW;üretici kodu;;NS501490;AVenS fiyat listesi 2026 s.47;NS501490;;;venthub/markalar/avens/santrifuj-nimus-nimax/01-input/www.casals.com__Casals_catalogue__flipbook__192.txt;flipbook 192;üretici;NS501490 NIMUS 501 T4 1,5kW 1440 5,67 3,26 1,50 9.420 57 87,37 1;aynı;kod farkı: sürüm farkı mı yazım hatası mı — AVenS'e sorulur
AVE-NS5624100;NIMUS 561 T4 2,2kW;debi (kaynakta tanımsız: Air flow);m³/h;13250;AVenS fiyat listesi 2026 s.47: NS5624100 | NIMUS 561 T4 2,2kW | 13250 m³/h;13240;-10;-0.1;venthub/markalar/avens/santrifuj-nimus-nimax/01-input/www.casals.com__Casals_catalogue__flipbook__192.txt;flipbook 192;üretici;NS5614100 NIMUS 561 T4 2,2kW 1435 8,07 4,64 2,20 13.240 61 121,40 1;belirsiz;"kaynak ""Air flow"" diyor: en yüksek debi mi çalışma noktası mı belirtilmemiş — AVenS'e sorulur"
AVE-NS5624100;NIMUS 561 T4 2,2kW;devir;d/dk;1435;canlı teknik veri;1435;0;0;venthub/markalar/avens/santrifuj-nimus-nimax/01-input/www.casals.com__Casals_catalogue__flipbook__192.txt;flipbook 192;üretici;NS5614100 NIMUS 561 T4 2,2kW 1435 8,07 4,64 2,20 13.240 61 121,40 1;aynı;
AVE-NS5624100;NIMUS 561 T4 2,2kW;motor gücü;kW;2.2;ürün adı (canlı);2.2;0;0;venthub/markalar/avens/santrifuj-nimus-nimax/01-input/www.casals.com__Casals_catalogue__flipbook__192.txt;flipbook 192;üretici;NS5614100 NIMUS 561 T4 2,2kW 1435 8,07 4,64 2,20 13.240 61 121,40 1;aynı;
AVE-NS5624100;NIMUS 561 T4 2,2kW;üretici kodu;;NS5624100;AVenS fiyat listesi 2026 s.47;NS5614100;;;venthub/markalar/avens/santrifuj-nimus-nimax/01-input/www.casals.com__Casals_catalogue__flipbook__192.txt;flipbook 192;üretici;NS5614100 NIMUS 561 T4 2,2kW 1435 8,07 4,64 2,20 13.240 61 121,40 1;belirsiz;kod farkı: sürüm farkı mı yazım hatası mı — AVenS'e sorulur
AVE-NS6314112;NIMUS 631 T4 4kW;debi (kaynakta tanımsız: Air flow);m³/h;18850;AVenS fiyat listesi 2026 s.47: NS6314112 | NIMUS 631 T4 4kW | 18850 m³/h;18850;0;0;venthub/markalar/avens/santrifuj-nimus-nimax/01-input/www.casals.com__Casals_catalogue__flipbook__192.txt;flipbook 192;üretici;NS6314112 NIMUS 631 T4 4kW 1440 14,5 8,32 4 18.850 65 150,22 1;aynı;"kaynak ""Air flow"" diyor: en yüksek debi mi çalışma noktası mı belirtilmemiş — AVenS'e sorulur"
AVE-NS6314112;NIMUS 631 T4 4kW;devir;d/dk;1440;canlı teknik veri;1440;0;0;venthub/markalar/avens/santrifuj-nimus-nimax/01-input/www.casals.com__Casals_catalogue__flipbook__192.txt;flipbook 192;üretici;NS6314112 NIMUS 631 T4 4kW 1440 14,5 8,32 4 18.850 65 150,22 1;aynı;
AVE-NS6314112;NIMUS 631 T4 4kW;motor gücü;kW;4;ürün adı (canlı);4;0;0;venthub/markalar/avens/santrifuj-nimus-nimax/01-input/www.casals.com__Casals_catalogue__flipbook__192.txt;flipbook 192;üretici;NS6314112 NIMUS 631 T4 4kW 1440 14,5 8,32 4 18.850 65 150,22 1;aynı;
AVE-NS6314112;NIMUS 631 T4 4kW;üretici kodu;;NS6314112;AVenS fiyat listesi 2026 s.47;NS6314112;;;venthub/markalar/avens/santrifuj-nimus-nimax/01-input/www.casals.com__Casals_catalogue__flipbook__192.txt;flipbook 192;üretici;NS6314112 NIMUS 631 T4 4kW 1440 14,5 8,32 4 18.850 65 150,22 1;aynı;kod farkı: sürüm farkı mı yazım hatası mı — AVenS'e sorulur
AVE-NS7114132;NIMUS 711 T4 7,5kW;debi (kaynakta tanımsız: Air flow);m³/h;26980;AVenS fiyat listesi 2026 s.47: NS7114132 | NIMUS 711 T4 7,5kW | 26980 m³/h;26980;0;0;venthub/markalar/avens/santrifuj-nimus-nimax/01-input/www.casals.com__Casals_catalogue__flipbook__192.txt;flipbook 192;üretici;NS7114132 NIMUS 711 T4 7,5kW 1455 - 14,1 7,50 26.980 68 202,22 1;aynı;"kaynak ""Air flow"" diyor: en yüksek debi mi çalışma noktası mı belirtilmemiş — AVenS'e sorulur"
AVE-NS7114132;NIMUS 711 T4 7,5kW;devir;d/dk;1455;canlı teknik veri;1455;0;0;venthub/markalar/avens/santrifuj-nimus-nimax/01-input/www.casals.com__Casals_catalogue__flipbook__192.txt;flipbook 192;üretici;NS7114132 NIMUS 711 T4 7,5kW 1455 - 14,1 7,50 26.980 68 202,22 1;aynı;
AVE-NS7114132;NIMUS 711 T4 7,5kW;motor gücü;kW;7.5;ürün adı (canlı);7.5;0;0;venthub/markalar/avens/santrifuj-nimus-nimax/01-input/www.casals.com__Casals_catalogue__flipbook__192.txt;flipbook 192;üretici;NS7114132 NIMUS 711 T4 7,5kW 1455 - 14,1 7,50 26.980 68 202,22 1;aynı;
AVE-NS7114132;NIMUS 711 T4 7,5kW;üretici kodu;;NS7114132;AVenS fiyat listesi 2026 s.47;NS7114132;;;venthub/markalar/avens/santrifuj-nimus-nimax/01-input/www.casals.com__Casals_catalogue__flipbook__192.txt;flipbook 192;üretici;NS7114132 NIMUS 711 T4 7,5kW 1455 - 14,1 7,50 26.980 68 202,22 1;aynı;kod farkı: sürüm farkı mı yazım hatası mı — AVenS'e sorulur
AVE-NS8014160;NIMUS 801 T4 15kW;debi (kaynakta tanımsız: Air flow);m³/h;38600;AVenS fiyat listesi 2026 s.47: NS8014160 | NIMUS 801 T4 15kW | 38600 m³/h;38600;0;0;venthub/markalar/avens/santrifuj-nimus-nimax/01-input/www.casals.com__Casals_catalogue__flipbook__192.txt;flipbook 192;üretici;NS8014160 NIMUS 801 T4 15kW 1465 - 29,8 15 38.600 72 266,35 1;aynı;"kaynak ""Air flow"" diyor: en yüksek debi mi çalışma noktası mı belirtilmemiş — AVenS'e sorulur"
AVE-NS8014160;NIMUS 801 T4 15kW;devir;d/dk;1465;canlı teknik veri;1465;0;0;venthub/markalar/avens/santrifuj-nimus-nimax/01-input/www.casals.com__Casals_catalogue__flipbook__192.txt;flipbook 192;üretici;NS8014160 NIMUS 801 T4 15kW 1465 - 29,8 15 38.600 72 266,35 1;aynı;
AVE-NS8014160;NIMUS 801 T4 15kW;motor gücü;kW;15;ürün adı (canlı);15;0;0;venthub/markalar/avens/santrifuj-nimus-nimax/01-input/www.casals.com__Casals_catalogue__flipbook__192.txt;flipbook 192;üretici;NS8014160 NIMUS 801 T4 15kW 1465 - 29,8 15 38.600 72 266,35 1;aynı;
AVE-NS8014160;NIMUS 801 T4 15kW;üretici kodu;;NS8014160;AVenS fiyat listesi 2026 s.47;NS8014160;;;venthub/markalar/avens/santrifuj-nimus-nimax/01-input/www.casals.com__Casals_catalogue__flipbook__192.txt;flipbook 192;üretici;NS8014160 NIMUS 801 T4 15kW 1465 - 29,8 15 38.600 72 266,35 1;aynı;kod farkı: sürüm farkı mı yazım hatası mı — AVenS'e sorulur
AVE-NS9014200;NIMUS 901 T4 30kW;debi (kaynakta tanımsız: Air flow);m³/h;54960;AVenS fiyat listesi 2026 s.47: NS9014200 | NIMUS 901 T4 30kW | 54960 m³/h;54960;0;0;venthub/markalar/avens/santrifuj-nimus-nimax/01-input/www.casals.com__Casals_catalogue__flipbook__192.txt;flipbook 192;üretici;NS9014200 NIMUS 901 T4 30kW 1475 - 56,3 30 54.960 75 369,35 1;aynı;"kaynak ""Air flow"" diyor: en yüksek debi mi çalışma noktası mı belirtilmemiş — AVenS'e sorulur"
AVE-NS9014200;NIMUS 901 T4 30kW;devir;d/dk;1475;canlı teknik veri;1475;0;0;venthub/markalar/avens/santrifuj-nimus-nimax/01-input/www.casals.com__Casals_catalogue__flipbook__192.txt;flipbook 192;üretici;NS9014200 NIMUS 901 T4 30kW 1475 - 56,3 30 54.960 75 369,35 1;aynı;
AVE-NS9014200;NIMUS 901 T4 30kW;motor gücü;kW;30;ürün adı (canlı);30;0;0;venthub/markalar/avens/santrifuj-nimus-nimax/01-input/www.casals.com__Casals_catalogue__flipbook__192.txt;flipbook 192;üretici;NS9014200 NIMUS 901 T4 30kW 1475 - 56,3 30 54.960 75 369,35 1;aynı;
AVE-NS9014200;NIMUS 901 T4 30kW;üretici kodu;;NS9014200;AVenS fiyat listesi 2026 s.47;NS9014200;;;venthub/markalar/avens/santrifuj-nimus-nimax/01-input/www.casals.com__Casals_catalogue__flipbook__192.txt;flipbook 192;üretici;NS9014200 NIMUS 901 T4 30kW 1475 - 56,3 30 54.960 75 369,35 1;aynı;kod farkı: sürüm farkı mı yazım hatası mı — AVenS'e sorulur
AVE-NX10034250;NIMAX 1004 T4 55kW;debi (kaynakta tanımsız: Air flow);m³/h;88010;AVenS fiyat listesi 2026 s.48: NX10034250 | NIMAX 1004 T4 55kW | 88010 m³/h;88010;0;0;venthub/markalar/avens/santrifuj-nimus-nimax/01-input/www.casals.com__Casals_catalogue__flipbook__200.txt;flipbook 200;üretici;NX10044250 NIMAX 1004 T4 55kW 1475 - 97,1 55 88.010 80 464,82 1;aynı;"kaynak ""Air flow"" diyor: en yüksek debi mi çalışma noktası mı belirtilmemiş — AVenS'e sorulur"
AVE-NX10034250;NIMAX 1004 T4 55kW;devir;d/dk;1475;canlı teknik veri;1475;0;0;venthub/markalar/avens/santrifuj-nimus-nimax/01-input/www.casals.com__Casals_catalogue__flipbook__200.txt;flipbook 200;üretici;NX10044250 NIMAX 1004 T4 55kW 1475 - 97,1 55 88.010 80 464,82 1;aynı;
AVE-NX10034250;NIMAX 1004 T4 55kW;motor gücü;kW;55;ürün adı (canlı);55;0;0;venthub/markalar/avens/santrifuj-nimus-nimax/01-input/www.casals.com__Casals_catalogue__flipbook__200.txt;flipbook 200;üretici;NX10044250 NIMAX 1004 T4 55kW 1475 - 97,1 55 88.010 80 464,82 1;aynı;
AVE-NX10034250;NIMAX 1004 T4 55kW;üretici kodu;;NX10034250;AVenS fiyat listesi 2026 s.48;NX10044250;;;venthub/markalar/avens/santrifuj-nimus-nimax/01-input/www.casals.com__Casals_catalogue__flipbook__200.txt;flipbook 200;üretici;NX10044250 NIMAX 1004 T4 55kW 1475 - 97,1 55 88.010 80 464,82 1;belirsiz;kod farkı: sürüm farkı mı yazım hatası mı — AVenS'e sorulur
AVE-NX313290;NIMAX 314 T2 1,5kW;debi (kaynakta tanımsız: Air flow);m³/h;5240;AVenS fiyat listesi 2026 s.48: NX313290 | NIMAX 314 T2 1,5kW | 5240 m³/h;5500;260;5;venthub/markalar/avens/santrifuj-nimus-nimax/01-input/www.casals.com__Casals_catalogue__flipbook__200.txt;flipbook 200;üretici;NX314290 NIMAX 314 T2 1,5kW 2865 5,83 3,14 1,50 5.500 60 36,89 1;belirsiz;"kaynak ""Air flow"" diyor: en yüksek debi mi çalışma noktası mı belirtilmemiş — AVenS'e sorulur"
AVE-NX313290;NIMAX 314 T2 1,5kW;devir;d/dk;2865;canlı teknik veri;2865;0;0;venthub/markalar/avens/santrifuj-nimus-nimax/01-input/www.casals.com__Casals_catalogue__flipbook__200.txt;flipbook 200;üretici;NX314290 NIMAX 314 T2 1,5kW 2865 5,83 3,14 1,50 5.500 60 36,89 1;aynı;
AVE-NX313290;NIMAX 314 T2 1,5kW;motor gücü;kW;1.5;ürün adı (canlı);1.5;0;0;venthub/markalar/avens/santrifuj-nimus-nimax/01-input/www.casals.com__Casals_catalogue__flipbook__200.txt;flipbook 200;üretici;NX314290 NIMAX 314 T2 1,5kW 2865 5,83 3,14 1,50 5.500 60 36,89 1;aynı;
AVE-NX313290;NIMAX 314 T2 1,5kW;üretici kodu;;NX313290;AVenS fiyat listesi 2026 s.48;NX314290;;;venthub/markalar/avens/santrifuj-nimus-nimax/01-input/www.casals.com__Casals_catalogue__flipbook__200.txt;flipbook 200;üretici;NX314290 NIMAX 314 T2 1,5kW 2865 5,83 3,14 1,50 5.500 60 36,89 1;belirsiz;kod farkı: sürüm farkı mı yazım hatası mı — AVenS'e sorulur
AVE-NX353290;NIMAX 354 T2 3kW;debi (kaynakta tanımsız: Air flow);m³/h;7880;AVenS fiyat listesi 2026 s.48: NX353290 | NIMAX 354 T2 3kW | 7880 m³/h;7870;-10;-0.1;venthub/markalar/avens/santrifuj-nimus-nimax/01-input/www.casals.com__Casals_catalogue__flipbook__200.txt;flipbook 200;üretici;NX3542100 NIMAX 354 T2 3kW 2880 10,3 5,92 3 7.870 64 50,47 1;belirsiz;"kaynak ""Air flow"" diyor: en yüksek debi mi çalışma noktası mı belirtilmemiş — AVenS'e sorulur"
AVE-NX353290;NIMAX 354 T2 3kW;devir;d/dk;2880;canlı teknik veri;2880;0;0;venthub/markalar/avens/santrifuj-nimus-nimax/01-input/www.casals.com__Casals_catalogue__flipbook__200.txt;flipbook 200;üretici;NX3542100 NIMAX 354 T2 3kW 2880 10,3 5,92 3 7.870 64 50,47 1;aynı;
AVE-NX353290;NIMAX 354 T2 3kW;motor gücü;kW;3;ürün adı (canlı);3;0;0;venthub/markalar/avens/santrifuj-nimus-nimax/01-input/www.casals.com__Casals_catalogue__flipbook__200.txt;flipbook 200;üretici;NX3542100 NIMAX 354 T2 3kW 2880 10,3 5,92 3 7.870 64 50,47 1;aynı;
AVE-NX353290;NIMAX 354 T2 3kW;üretici kodu;;NX353290;AVenS fiyat listesi 2026 s.48;NX3542100;;;venthub/markalar/avens/santrifuj-nimus-nimax/01-input/www.casals.com__Casals_catalogue__flipbook__200.txt;flipbook 200;üretici;NX3542100 NIMAX 354 T2 3kW 2880 10,3 5,92 3 7.870 64 50,47 1;belirsiz;kod farkı: sürüm farkı mı yazım hatası mı — AVenS'e sorulur
AVE-NX353471;NIMAX 354 T4 0,37kW;debi (kaynakta tanımsız: Air flow);m³/h;3940;AVenS fiyat listesi 2026 s.48: NX353471 | NIMAX 354 T4 0,37kW | 3940 m³/h;3940;0;0;venthub/markalar/avens/santrifuj-nimus-nimax/01-input/www.casals.com__Casals_catalogue__flipbook__200.txt;flipbook 200;üretici;NX354471 NIMAX 354 T4 0,37kW 1400 1,86 1,07 0,37 3.940 49 45,26 1;aynı;"kaynak ""Air flow"" diyor: en yüksek debi mi çalışma noktası mı belirtilmemiş — AVenS'e sorulur"
AVE-NX353471;NIMAX 354 T4 0,37kW;devir;d/dk;1400;canlı teknik veri;1400;0;0;venthub/markalar/avens/santrifuj-nimus-nimax/01-input/www.casals.com__Casals_catalogue__flipbook__200.txt;flipbook 200;üretici;NX354471 NIMAX 354 T4 0,37kW 1400 1,86 1,07 0,37 3.940 49 45,26 1;aynı;
AVE-NX353471;NIMAX 354 T4 0,37kW;motor gücü;kW;0.37;ürün adı (canlı);0.37;0;0;venthub/markalar/avens/santrifuj-nimus-nimax/01-input/www.casals.com__Casals_catalogue__flipbook__200.txt;flipbook 200;üretici;NX354471 NIMAX 354 T4 0,37kW 1400 1,86 1,07 0,37 3.940 49 45,26 1;aynı;
AVE-NX353471;NIMAX 354 T4 0,37kW;üretici kodu;;NX353471;AVenS fiyat listesi 2026 s.48;NX354471;;;venthub/markalar/avens/santrifuj-nimus-nimax/01-input/www.casals.com__Casals_catalogue__flipbook__200.txt;flipbook 200;üretici;NX354471 NIMAX 354 T4 0,37kW 1400 1,86 1,07 0,37 3.940 49 45,26 1;belirsiz;kod farkı: sürüm farkı mı yazım hatası mı — AVenS'e sorulur
AVE-NX4032112;NIMAX 404 T2 5,5kW;debi (kaynakta tanımsız: Air flow);m³/h;11270;AVenS fiyat listesi 2026 s.48: NX4032112 | NIMAX 404 T2 5,5kW | 11270 m³/h;11260;-10;-0.1;venthub/markalar/avens/santrifuj-nimus-nimax/01-input/www.casals.com__Casals_catalogue__flipbook__200.txt;flipbook 200;üretici;NX4042132 NIMAX 404 T2 5,5kW 2910 - 10,6 5,50 11.260 67 75,16 1;belirsiz;"kaynak ""Air flow"" diyor: en yüksek debi mi çalışma noktası mı belirtilmemiş — AVenS'e sorulur"
AVE-NX4032112;NIMAX 404 T2 5,5kW;devir;d/dk;2910;canlı teknik veri;2910;0;0;venthub/markalar/avens/santrifuj-nimus-nimax/01-input/www.casals.com__Casals_catalogue__flipbook__200.txt;flipbook 200;üretici;NX4042132 NIMAX 404 T2 5,5kW 2910 - 10,6 5,50 11.260 67 75,16 1;aynı;
AVE-NX4032112;NIMAX 404 T2 5,5kW;motor gücü;kW;5.5;ürün adı (canlı);5.5;0;0;venthub/markalar/avens/santrifuj-nimus-nimax/01-input/www.casals.com__Casals_catalogue__flipbook__200.txt;flipbook 200;üretici;NX4042132 NIMAX 404 T2 5,5kW 2910 - 10,6 5,50 11.260 67 75,16 1;aynı;
AVE-NX4032112;NIMAX 404 T2 5,5kW;üretici kodu;;NX4032112;AVenS fiyat listesi 2026 s.48;NX4042132;;;venthub/markalar/avens/santrifuj-nimus-nimax/01-input/www.casals.com__Casals_catalogue__flipbook__200.txt;flipbook 200;üretici;NX4042132 NIMAX 404 T2 5,5kW 2910 - 10,6 5,50 11.260 67 75,16 1;belirsiz;kod farkı: sürüm farkı mı yazım hatası mı — AVenS'e sorulur
AVE-NX403480;NIMAX 404 T4 0,55kW;debi (kaynakta tanımsız: Air flow);m³/h;5640;AVenS fiyat listesi 2026 s.48: NX403480 | NIMAX 404 T4 0,55kW | 5640 m³/h;5630;-10;-0.2;venthub/markalar/avens/santrifuj-nimus-nimax/01-input/www.casals.com__Casals_catalogue__flipbook__200.txt;flipbook 200;üretici;NX404480 NIMAX 404 T4 0,55kW 1400 2,57 1,49 0,55 5.630 52 57,89 1;belirsiz;"kaynak ""Air flow"" diyor: en yüksek debi mi çalışma noktası mı belirtilmemiş — AVenS'e sorulur"
AVE-NX403480;NIMAX 404 T4 0,55kW;devir;d/dk;1400;canlı teknik veri;1400;0;0;venthub/markalar/avens/santrifuj-nimus-nimax/01-input/www.casals.com__Casals_catalogue__flipbook__200.txt;flipbook 200;üretici;NX404480 NIMAX 404 T4 0,55kW 1400 2,57 1,49 0,55 5.630 52 57,89 1;aynı;
AVE-NX403480;NIMAX 404 T4 0,55kW;motor gücü;kW;0.55;ürün adı (canlı);0.55;0;0;venthub/markalar/avens/santrifuj-nimus-nimax/01-input/www.casals.com__Casals_catalogue__flipbook__200.txt;flipbook 200;üretici;NX404480 NIMAX 404 T4 0,55kW 1400 2,57 1,49 0,55 5.630 52 57,89 1;aynı;
AVE-NX403480;NIMAX 404 T4 0,55kW;üretici kodu;;NX403480;AVenS fiyat listesi 2026 s.48;NX404480;;;venthub/markalar/avens/santrifuj-nimus-nimax/01-input/www.casals.com__Casals_catalogue__flipbook__200.txt;flipbook 200;üretici;NX404480 NIMAX 404 T4 0,55kW 1400 2,57 1,49 0,55 5.630 52 57,89 1;belirsiz;kod farkı: sürüm farkı mı yazım hatası mı — AVenS'e sorulur
AVE-NX4532132;NIMAX 454 T2 11kW;debi (kaynakta tanımsız: Air flow);m³/h;16040;AVenS fiyat listesi 2026 s.48: NX4532132 | NIMAX 454 T2 11kW | 16040 m³/h;16040;0;0;venthub/markalar/avens/santrifuj-nimus-nimax/01-input/www.casals.com__Casals_catalogue__flipbook__200.txt;flipbook 200;üretici;NX4542160 NIMAX 454 T2 11kW 2940 - 20,8 11 16.040 71 90,43 1;aynı;"kaynak ""Air flow"" diyor: en yüksek debi mi çalışma noktası mı belirtilmemiş — AVenS'e sorulur"
AVE-NX4532132;NIMAX 454 T2 11kW;devir;d/dk;2940;canlı teknik veri;2940;0;0;venthub/markalar/avens/santrifuj-nimus-nimax/01-input/www.casals.com__Casals_catalogue__flipbook__200.txt;flipbook 200;üretici;NX4542160 NIMAX 454 T2 11kW 2940 - 20,8 11 16.040 71 90,43 1;aynı;
AVE-NX4532132;NIMAX 454 T2 11kW;motor gücü;kW;11;ürün adı (canlı);11;0;0;venthub/markalar/avens/santrifuj-nimus-nimax/01-input/www.casals.com__Casals_catalogue__flipbook__200.txt;flipbook 200;üretici;NX4542160 NIMAX 454 T2 11kW 2940 - 20,8 11 16.040 71 90,43 1;aynı;
AVE-NX4532132;NIMAX 454 T2 11kW;üretici kodu;;NX4532132;AVenS fiyat listesi 2026 s.48;NX4542160;;;venthub/markalar/avens/santrifuj-nimus-nimax/01-input/www.casals.com__Casals_catalogue__flipbook__200.txt;flipbook 200;üretici;NX4542160 NIMAX 454 T2 11kW 2940 - 20,8 11 16.040 71 90,43 1;belirsiz;kod farkı: sürüm farkı mı yazım hatası mı — AVenS'e sorulur
AVE-NX453490;NIMAX 454 T4 1,1kW;debi (kaynakta tanımsız: Air flow);m³/h;8020;AVenS fiyat listesi 2026 s.48: NX453490 | NIMAX 454 T4 1,1kW | 8020 m³/h;8020;0;0;venthub/markalar/avens/santrifuj-nimus-nimax/01-input/www.casals.com__Casals_catalogue__flipbook__200.txt;flipbook 200;üretici;NX454490 NIMAX 454 T4 1,1kW 1450 4,33 2,49 1,10 8.020 56 72,87 1;aynı;"kaynak ""Air flow"" diyor: en yüksek debi mi çalışma noktası mı belirtilmemiş — AVenS'e sorulur"
AVE-NX453490;NIMAX 454 T4 1,1kW;devir;d/dk;1450;canlı teknik veri;1450;0;0;venthub/markalar/avens/santrifuj-nimus-nimax/01-input/www.casals.com__Casals_catalogue__flipbook__200.txt;flipbook 200;üretici;NX454490 NIMAX 454 T4 1,1kW 1450 4,33 2,49 1,10 8.020 56 72,87 1;aynı;
AVE-NX453490;NIMAX 454 T4 1,1kW;motor gücü;kW;1.1;ürün adı (canlı);1.1;0;0;venthub/markalar/avens/santrifuj-nimus-nimax/01-input/www.casals.com__Casals_catalogue__flipbook__200.txt;flipbook 200;üretici;NX454490 NIMAX 454 T4 1,1kW 1450 4,33 2,49 1,10 8.020 56 72,87 1;aynı;
AVE-NX453490;NIMAX 454 T4 1,1kW;üretici kodu;;NX453490;AVenS fiyat listesi 2026 s.48;NX454490;;;venthub/markalar/avens/santrifuj-nimus-nimax/01-input/www.casals.com__Casals_catalogue__flipbook__200.txt;flipbook 200;üretici;NX454490 NIMAX 454 T4 1,1kW 1450 4,33 2,49 1,10 8.020 56 72,87 1;belirsiz;kod farkı: sürüm farkı mı yazım hatası mı — AVenS'e sorulur
AVE-NX5032160;NIMAX 504 T2 15kW;debi (kaynakta tanımsız: Air flow);m³/h;22010;AVenS fiyat listesi 2026 s.48: NX5032160 | NIMAX 504 T2 15kW | 22010 m³/h;22000;-10;0;venthub/markalar/avens/santrifuj-nimus-nimax/01-input/www.casals.com__Casals_catalogue__flipbook__200.txt;flipbook 200;üretici;NX5042160 NIMAX 504 T2 15kW 2935 - 27,4 15 22.000 74 116,85 1;belirsiz;"kaynak ""Air flow"" diyor: en yüksek debi mi çalışma noktası mı belirtilmemiş — AVenS'e sorulur"
AVE-NX5032160;NIMAX 504 T2 15kW;devir;d/dk;2935;canlı teknik veri;2935;0;0;venthub/markalar/avens/santrifuj-nimus-nimax/01-input/www.casals.com__Casals_catalogue__flipbook__200.txt;flipbook 200;üretici;NX5042160 NIMAX 504 T2 15kW 2935 - 27,4 15 22.000 74 116,85 1;aynı;
AVE-NX5032160;NIMAX 504 T2 15kW;motor gücü;kW;15;ürün adı (canlı);15;0;0;venthub/markalar/avens/santrifuj-nimus-nimax/01-input/www.casals.com__Casals_catalogue__flipbook__200.txt;flipbook 200;üretici;NX5042160 NIMAX 504 T2 15kW 2935 - 27,4 15 22.000 74 116,85 1;aynı;
AVE-NX5032160;NIMAX 504 T2 15kW;üretici kodu;;NX5032160;AVenS fiyat listesi 2026 s.48;NX5042160;;;venthub/markalar/avens/santrifuj-nimus-nimax/01-input/www.casals.com__Casals_catalogue__flipbook__200.txt;flipbook 200;üretici;NX5042160 NIMAX 504 T2 15kW 2935 - 27,4 15 22.000 74 116,85 1;belirsiz;kod farkı: sürüm farkı mı yazım hatası mı — AVenS'e sorulur
AVE-NX503490;NIMAX 504 T4 2,2kW;debi (kaynakta tanımsız: Air flow);m³/h;11010;AVenS fiyat listesi 2026 s.48: NX503490 | NIMAX 504 T4 2,2kW | 11010 m³/h;11000;-10;-0.1;venthub/markalar/avens/santrifuj-nimus-nimax/01-input/www.casals.com__Casals_catalogue__flipbook__200.txt;flipbook 200;üretici;NX5044100 NIMAX 504 T4 2,2kW 1435 8,07 4,64 2,20 11.000 59 97,23 1;belirsiz;"kaynak ""Air flow"" diyor: en yüksek debi mi çalışma noktası mı belirtilmemiş — AVenS'e sorulur"
AVE-NX503490;NIMAX 504 T4 2,2kW;devir;d/dk;1435;canlı teknik veri;1435;0;0;venthub/markalar/avens/santrifuj-nimus-nimax/01-input/www.casals.com__Casals_catalogue__flipbook__200.txt;flipbook 200;üretici;NX5044100 NIMAX 504 T4 2,2kW 1435 8,07 4,64 2,20 11.000 59 97,23 1;aynı;
AVE-NX503490;NIMAX 504 T4 2,2kW;motor gücü;kW;2.2;ürün adı (canlı);2.2;0;0;venthub/markalar/avens/santrifuj-nimus-nimax/01-input/www.casals.com__Casals_catalogue__flipbook__200.txt;flipbook 200;üretici;NX5044100 NIMAX 504 T4 2,2kW 1435 8,07 4,64 2,20 11.000 59 97,23 1;aynı;
AVE-NX503490;NIMAX 504 T4 2,2kW;üretici kodu;;NX503490;AVenS fiyat listesi 2026 s.48;NX5044100;;;venthub/markalar/avens/santrifuj-nimus-nimax/01-input/www.casals.com__Casals_catalogue__flipbook__200.txt;flipbook 200;üretici;NX5044100 NIMAX 504 T4 2,2kW 1435 8,07 4,64 2,20 11.000 59 97,23 1;belirsiz;kod farkı: sürüm farkı mı yazım hatası mı — AVenS'e sorulur
AVE-NX5634100;NIMAX 564 T4 3kW;debi (kaynakta tanımsız: Air flow);m³/h;15460;AVenS fiyat listesi 2026 s.48: NX5634100 | NIMAX 564 T4 3kW | 15460 m³/h;15460;0;0;venthub/markalar/avens/santrifuj-nimus-nimax/01-input/www.casals.com__Casals_catalogue__flipbook__200.txt;flipbook 200;üretici;NX5644100 NIMAX 564 T4 3kW 1420 10,7 6,17 3 15.460 63 126,18 1;aynı;"kaynak ""Air flow"" diyor: en yüksek debi mi çalışma noktası mı belirtilmemiş — AVenS'e sorulur"
AVE-NX5634100;NIMAX 564 T4 3kW;devir;d/dk;1420;canlı teknik veri;1420;0;0;venthub/markalar/avens/santrifuj-nimus-nimax/01-input/www.casals.com__Casals_catalogue__flipbook__200.txt;flipbook 200;üretici;NX5644100 NIMAX 564 T4 3kW 1420 10,7 6,17 3 15.460 63 126,18 1;aynı;
AVE-NX5634100;NIMAX 564 T4 3kW;motor gücü;kW;3;ürün adı (canlı);3;0;0;venthub/markalar/avens/santrifuj-nimus-nimax/01-input/www.casals.com__Casals_catalogue__flipbook__200.txt;flipbook 200;üretici;NX5644100 NIMAX 564 T4 3kW 1420 10,7 6,17 3 15.460 63 126,18 1;aynı;
AVE-NX5634100;NIMAX 564 T4 3kW;üretici kodu;;NX5634100;AVenS fiyat listesi 2026 s.48;NX5644100;;;venthub/markalar/avens/santrifuj-nimus-nimax/01-input/www.casals.com__Casals_catalogue__flipbook__200.txt;flipbook 200;üretici;NX5644100 NIMAX 564 T4 3kW 1420 10,7 6,17 3 15.460 63 126,18 1;belirsiz;kod farkı: sürüm farkı mı yazım hatası mı — AVenS'e sorulur
AVE-NX6334132;NIMAX 634 T4 5,5kW;debi (kaynakta tanımsız: Air flow);m³/h;22010;AVenS fiyat listesi 2026 s.48: NX6334132 | NIMAX 634 T4 5,5kW | 22010 m³/h;22010;0;0;venthub/markalar/avens/santrifuj-nimus-nimax/01-input/www.casals.com__Casals_catalogue__flipbook__200.txt;flipbook 200;üretici;NX6344132 NIMAX 634 T4 5,5kW 1460 - 10,5 5,50 22.010 66 170,69 1;aynı;"kaynak ""Air flow"" diyor: en yüksek debi mi çalışma noktası mı belirtilmemiş — AVenS'e sorulur"
AVE-NX6334132;NIMAX 634 T4 5,5kW;devir;d/dk;1460;canlı teknik veri;1460;0;0;venthub/markalar/avens/santrifuj-nimus-nimax/01-input/www.casals.com__Casals_catalogue__flipbook__200.txt;flipbook 200;üretici;NX6344132 NIMAX 634 T4 5,5kW 1460 - 10,5 5,50 22.010 66 170,69 1;aynı;
AVE-NX6334132;NIMAX 634 T4 5,5kW;motor gücü;kW;5.5;ürün adı (canlı);5.5;0;0;venthub/markalar/avens/santrifuj-nimus-nimax/01-input/www.casals.com__Casals_catalogue__flipbook__200.txt;flipbook 200;üretici;NX6344132 NIMAX 634 T4 5,5kW 1460 - 10,5 5,50 22.010 66 170,69 1;aynı;
AVE-NX6334132;NIMAX 634 T4 5,5kW;üretici kodu;;NX6334132;AVenS fiyat listesi 2026 s.48;NX6344132;;;venthub/markalar/avens/santrifuj-nimus-nimax/01-input/www.casals.com__Casals_catalogue__flipbook__200.txt;flipbook 200;üretici;NX6344132 NIMAX 634 T4 5,5kW 1460 - 10,5 5,50 22.010 66 170,69 1;belirsiz;kod farkı: sürüm farkı mı yazım hatası mı — AVenS'e sorulur
AVE-NX7144160;NIMAX 714 T4 11kW;debi (kaynakta tanımsız: Air flow);m³/h;31500;AVenS fiyat listesi 2026 s.48: NX7144160 | NIMAX 714 T4 11kW | 31500 m³/h;31500;0;0;venthub/markalar/avens/santrifuj-nimus-nimax/01-input/www.casals.com__Casals_catalogue__flipbook__200.txt;flipbook 200;üretici;NX7144160 NIMAX 714 T4 11kW 1455 - 21,2 11 31.500 70 222,65 1;aynı;"kaynak ""Air flow"" diyor: en yüksek debi mi çalışma noktası mı belirtilmemiş — AVenS'e sorulur"
AVE-NX7144160;NIMAX 714 T4 11kW;devir;d/dk;1455;canlı teknik veri;1455;0;0;venthub/markalar/avens/santrifuj-nimus-nimax/01-input/www.casals.com__Casals_catalogue__flipbook__200.txt;flipbook 200;üretici;NX7144160 NIMAX 714 T4 11kW 1455 - 21,2 11 31.500 70 222,65 1;aynı;
AVE-NX7144160;NIMAX 714 T4 11kW;motor gücü;kW;11;ürün adı (canlı);11;0;0;venthub/markalar/avens/santrifuj-nimus-nimax/01-input/www.casals.com__Casals_catalogue__flipbook__200.txt;flipbook 200;üretici;NX7144160 NIMAX 714 T4 11kW 1455 - 21,2 11 31.500 70 222,65 1;aynı;
AVE-NX7144160;NIMAX 714 T4 11kW;üretici kodu;;NX7144160;AVenS fiyat listesi 2026 s.48;NX7144160;;;venthub/markalar/avens/santrifuj-nimus-nimax/01-input/www.casals.com__Casals_catalogue__flipbook__200.txt;flipbook 200;üretici;NX7144160 NIMAX 714 T4 11kW 1455 - 21,2 11 31.500 70 222,65 1;aynı;kod farkı: sürüm farkı mı yazım hatası mı — AVenS'e sorulur
AVE-NX8034180;NIMAX 804 T4 18,5kW;debi (kaynakta tanımsız: Air flow);m³/h;45060;AVenS fiyat listesi 2026 s.48: NX8034180 | NIMAX 804 T4 18,5kW | 45060 m³/h;45060;0;0;venthub/markalar/avens/santrifuj-nimus-nimax/01-input/www.casals.com__Casals_catalogue__flipbook__200.txt;flipbook 200;üretici;NX8044180 NIMAX 804 T4 18,5kW 1470 - 35,6 18,50 45.060 73 279,93 1;aynı;"kaynak ""Air flow"" diyor: en yüksek debi mi çalışma noktası mı belirtilmemiş — AVenS'e sorulur"
AVE-NX8034180;NIMAX 804 T4 18,5kW;devir;d/dk;1470;canlı teknik veri;1470;0;0;venthub/markalar/avens/santrifuj-nimus-nimax/01-input/www.casals.com__Casals_catalogue__flipbook__200.txt;flipbook 200;üretici;NX8044180 NIMAX 804 T4 18,5kW 1470 - 35,6 18,50 45.060 73 279,93 1;aynı;
AVE-NX8034180;NIMAX 804 T4 18,5kW;motor gücü;kW;18.5;ürün adı (canlı);18.5;0;0;venthub/markalar/avens/santrifuj-nimus-nimax/01-input/www.casals.com__Casals_catalogue__flipbook__200.txt;flipbook 200;üretici;NX8044180 NIMAX 804 T4 18,5kW 1470 - 35,6 18,50 45.060 73 279,93 1;aynı;
AVE-NX8034180;NIMAX 804 T4 18,5kW;üretici kodu;;NX8034180;AVenS fiyat listesi 2026 s.48;NX8044180;;;venthub/markalar/avens/santrifuj-nimus-nimax/01-input/www.casals.com__Casals_catalogue__flipbook__200.txt;flipbook 200;üretici;NX8044180 NIMAX 804 T4 18,5kW 1470 - 35,6 18,50 45.060 73 279,93 1;belirsiz;kod farkı: sürüm farkı mı yazım hatası mı — AVenS'e sorulur
AVE-NX9034200;NIMAX 904 T4 37kW;debi (kaynakta tanımsız: Air flow);m³/h;64160;AVenS fiyat listesi 2026 s.48: NX9034200 | NIMAX 904 T4 37kW | 64160 m³/h;64160;0;0;venthub/markalar/avens/santrifuj-nimus-nimax/01-input/www.casals.com__Casals_catalogue__flipbook__200.txt;flipbook 200;üretici;NX9044225 NIMAX 904 T4 37kW 1470 - 69,2 37 64.160 77 382,71 1;aynı;"kaynak ""Air flow"" diyor: en yüksek debi mi çalışma noktası mı belirtilmemiş — AVenS'e sorulur"
AVE-NX9034200;NIMAX 904 T4 37kW;devir;d/dk;1470;canlı teknik veri;1470;0;0;venthub/markalar/avens/santrifuj-nimus-nimax/01-input/www.casals.com__Casals_catalogue__flipbook__200.txt;flipbook 200;üretici;NX9044225 NIMAX 904 T4 37kW 1470 - 69,2 37 64.160 77 382,71 1;aynı;
AVE-NX9034200;NIMAX 904 T4 37kW;motor gücü;kW;37;ürün adı (canlı);37;0;0;venthub/markalar/avens/santrifuj-nimus-nimax/01-input/www.casals.com__Casals_catalogue__flipbook__200.txt;flipbook 200;üretici;NX9044225 NIMAX 904 T4 37kW 1470 - 69,2 37 64.160 77 382,71 1;aynı;
AVE-NX9034200;NIMAX 904 T4 37kW;üretici kodu;;NX9034200;AVenS fiyat listesi 2026 s.48;NX9044225;;;venthub/markalar/avens/santrifuj-nimus-nimax/01-input/www.casals.com__Casals_catalogue__flipbook__200.txt;flipbook 200;üretici;NX9044225 NIMAX 904 T4 37kW 1470 - 69,2 37 64.160 77 382,71 1;belirsiz;kod farkı: sürüm farkı mı yazım hatası mı — AVenS'e sorulur
SEA-61102000;STORM 10 · 1400 d/dk · 0,06 kW · 380V;güç (bizde çekilen güç, kaynakta motor gücü);kW;0.09;canlı teknik veri (max_absorbed_power_w);0.06;-0.03;-33.3;ticaret/avensair-fiyat-listesi-2026/01-input/avens_fiyat_listesi_2026_HQ.pdf;42;distribütör;STORM 10 | 3.50 | 380 V | 0,06 | 1400;belirsiz;farklı büyüklük: bizde çekilen güç, listede motor (plaka) gücü — üretici (SEAT) sayfasında güç yok
SEA-61102003;STORM 10 ATEX · 1400 d/dk · 0,06 kW · 380V;motor gücü;kW;0.06;canlı teknik veri (rated_power_w);0.06;0;0;ticaret/avensair-fiyat-listesi-2026/01-input/avens_fiyat_listesi_2026_HQ.pdf;45;distribütör;61102003 | STORM 10 ATEX | 4.33 | 380 V | 0,06 | 1400;aynı;üretici (SEAT) sayfasında güç yok — karşı kaynak distribütör listesi
SEA-61102010;STORM 10 XRM · 1400 d/dk · 0,06 kW · 220V;güç (bizde çekilen güç, kaynakta motor gücü);kW;0.09;canlı teknik veri (max_absorbed_power_w);0.06;-0.03;-33.3;ticaret/avensair-fiyat-listesi-2026/01-input/avens_fiyat_listesi_2026_HQ.pdf;42;distribütör;STORM 10 XRM (*) | 2.10 | 220 V | 0,06 | 1400;belirsiz;farklı büyüklük: bizde çekilen güç, listede motor (plaka) gücü — üretici (SEAT) sayfasında güç yok
SEA-61103000;STORM 10 · 2800 d/dk · 0,09 kW · 380V;güç (bizde çekilen güç, kaynakta motor gücü);kW;0.12;canlı teknik veri (max_absorbed_power_w);0.09;-0.03;-25;ticaret/avensair-fiyat-listesi-2026/01-input/avens_fiyat_listesi_2026_HQ.pdf;42;distribütör;STORM 10 | 5.33 | 380 V | 0,09 | 2800;belirsiz;farklı büyüklük: bizde çekilen güç, listede motor (plaka) gücü — üretici (SEAT) sayfasında güç yok
SEA-61103003;STORM 10 ATEX · 2800 d/dk · 0,12 kW · 380V;motor gücü;kW;0.12;canlı teknik veri (rated_power_w);0.12;0;0;ticaret/avensair-fiyat-listesi-2026/01-input/avens_fiyat_listesi_2026_HQ.pdf;45;distribütör;61103003 | STORM 10 ATEX | 4.33 | 380 V | 0,12 | 2800;aynı;üretici (SEAT) sayfasında güç yok — karşı kaynak distribütör listesi
SEA-61103010;STORM 10 · 2800 d/dk · 0,09 kW · 220V;güç (bizde çekilen güç, kaynakta motor gücü);kW;0.12;canlı teknik veri (max_absorbed_power_w);0.09;-0.03;-25;ticaret/avensair-fiyat-listesi-2026/01-input/avens_fiyat_listesi_2026_HQ.pdf;42;distribütör;STORM 10 | 4.43 | 220 V | 0,09 | 2800;belirsiz;farklı büyüklük: bizde çekilen güç, listede motor (plaka) gücü — üretici (SEAT) sayfasında güç yok
SEA-61103110;STORM 10 · 1400 d/dk · 0,06 kW · 220V;motor gücü;kW;0.06;canlı teknik veri (rated_power_w);0.06;0;0;ticaret/avensair-fiyat-listesi-2026/01-input/avens_fiyat_listesi_2026_HQ.pdf;42;distribütör;STORM 10 | 2.70 | 220 V | 0,06 | 1400;aynı;üretici (SEAT) sayfasında güç yok — karşı kaynak distribütör listesi
SEA-61122000;STORM 12 · 1400 d/dk · 0,25 kW · 380V;güç (bizde çekilen güç, kaynakta motor gücü);kW;0.18;canlı teknik veri (max_absorbed_power_w);0.25;0.07;38.9;ticaret/avensair-fiyat-listesi-2026/01-input/avens_fiyat_listesi_2026_HQ.pdf;42;distribütör;STORM 12 | 7.33 | 380 V | 0,25 | 1400;belirsiz;farklı büyüklük: bizde çekilen güç, listede motor (plaka) gücü — üretici (SEAT) sayfasında güç yok
SEA-61122003;STORM 12 ATEX · 1400 d/dk · 0,25 kW · 380V;güç (bizde çekilen güç, kaynakta motor gücü);kW;0.18;canlı teknik veri (max_absorbed_power_w);0.25;0.07;38.9;ticaret/avensair-fiyat-listesi-2026/01-input/avens_fiyat_listesi_2026_HQ.pdf;45;distribütör;61122003 | STORM 12 ATEX | 10.33 | 380 V | 0,25 | 1400;belirsiz;farklı büyüklük: bizde çekilen güç, listede motor (plaka) gücü — üretici (SEAT) sayfasında güç yok
SEA-61122010;STORM 12 · 1400 d/dk · 0,25 kW · 220V;güç (bizde çekilen güç, kaynakta motor gücü);kW;0.18;canlı teknik veri (max_absorbed_power_w);0.25;0.07;38.9;ticaret/avensair-fiyat-listesi-2026/01-input/avens_fiyat_listesi_2026_HQ.pdf;42;distribütör;STORM 12 | 7.80 | 220 V | 0,25 | 1400;belirsiz;farklı büyüklük: bizde çekilen güç, listede motor (plaka) gücü — üretici (SEAT) sayfasında güç yok
SEA-61123000;STORM 12 · 2800 d/dk · 0,37 kW · 380V;motor gücü;kW;0.37;canlı teknik veri (rated_power_w);0.37;0;0;ticaret/avensair-fiyat-listesi-2026/01-input/avens_fiyat_listesi_2026_HQ.pdf;42;distribütör;STORM 12 | 7.40 | 380 V | 0,37 | 2800;aynı;üretici (SEAT) sayfasında güç yok — karşı kaynak distribütör listesi
SEA-61123003;STORM 12 ATEX · 2800 d/dk · 0,37 kW · 380V;motor gücü;kW;0.37;canlı teknik veri (rated_power_w);0.37;0;0;ticaret/avensair-fiyat-listesi-2026/01-input/avens_fiyat_listesi_2026_HQ.pdf;45;distribütör;61123003 | STORM 12 ATEX | 9.23 | 380 V | 0,37 | 2800;aynı;üretici (SEAT) sayfasında güç yok — karşı kaynak distribütör listesi
SEA-61123010;STORM 12 · 2800 d/dk · 0,37 kW · 220V;motor gücü;kW;0.37;canlı teknik veri (rated_power_w);0.37;0;0;ticaret/avensair-fiyat-listesi-2026/01-input/avens_fiyat_listesi_2026_HQ.pdf;42;distribütör;STORM 12 | 5.60 | 220 V | 0,37 | 2800;aynı;üretici (SEAT) sayfasında güç yok — karşı kaynak distribütör listesi
SEA-61143000;STORM 14 · 2800 d/dk · 1,1 kW · 380V;motor gücü;kW;1.1;canlı teknik veri (rated_power_w);1.1;0;0;ticaret/avensair-fiyat-listesi-2026/01-input/avens_fiyat_listesi_2026_HQ.pdf;42;distribütör;STORM 14 | 15.8 | 380 V | 1,1 | 2800;aynı;üretici (SEAT) sayfasında güç yok — karşı kaynak distribütör listesi
SEA-61143003;STORM 14 ATEX · 2800 d/dk · 1,1 kW · 380V;motor gücü;kW;1.1;canlı teknik veri (rated_power_w);1.1;0;0;ticaret/avensair-fiyat-listesi-2026/01-input/avens_fiyat_listesi_2026_HQ.pdf;45;distribütör;61143003 | STORM 14 ATEX | 15.80 | 380 V | 1,1 | 2800;aynı;üretici (SEAT) sayfasında güç yok — karşı kaynak distribütör listesi
SEA-61143010;STORM 14 · 2800 d/dk · 1,1 kW · 220V;motor gücü;kW;1.1;canlı teknik veri (rated_power_w);1.1;0;0;ticaret/avensair-fiyat-listesi-2026/01-input/avens_fiyat_listesi_2026_HQ.pdf;42;distribütör;STORM 14 | 12.8 | 220 V | 1,1 | 2800;aynı;üretici (SEAT) sayfasında güç yok — karşı kaynak distribütör listesi
SEA-61163000;STORM 16 · 2800 d/dk · 2,2 kW · 380V;motor gücü;kW;2.2;canlı teknik veri (rated_power_w);2.2;0;0;ticaret/avensair-fiyat-listesi-2026/01-input/avens_fiyat_listesi_2026_HQ.pdf;42;distribütör;STORM 16 | 22.6 | 380 V | 2,2 | 2800;aynı;üretici (SEAT) sayfasında güç yok — karşı kaynak distribütör listesi
SEA-61163003;STORM 16 ATEX · 2800 d/dk · 2,2 kW · 380V;motor gücü;kW;2.2;canlı teknik veri (rated_power_w);2.2;0;0;ticaret/avensair-fiyat-listesi-2026/01-input/avens_fiyat_listesi_2026_HQ.pdf;45;distribütör;61163003 | STORM 16 ATEX | 20.59 | 380 V | 2,2 | 2800;aynı;üretici (SEAT) sayfasında güç yok — karşı kaynak distribütör listesi
SEA-61183000;STORM 18 · 2800 d/dk · 7,5 kW · 380V;motor gücü;kW;7.5;canlı teknik veri (rated_power_w);7.5;0;0;ticaret/avensair-fiyat-listesi-2026/01-input/avens_fiyat_listesi_2026_HQ.pdf;42;distribütör;STORM 18 | 22.6 | 380 V | 7,5 | 2800;aynı;üretici (SEAT) sayfasında güç yok — karşı kaynak distribütör listesi
SEA-61183003;STORM 18 ATEX · 2800 d/dk · 7,5 kW · 380V;motor gücü;kW;7.5;canlı teknik veri (rated_power_w);7.5;0;0;ticaret/avensair-fiyat-listesi-2026/01-input/avens_fiyat_listesi_2026_HQ.pdf;45;distribütör;61183003 | STORM 18 ATEX | 20.59 | 380 V | 7,5 | 2800;aynı;üretici (SEAT) sayfasında güç yok — karşı kaynak distribütör listesi
VRT-253080106XN;VORTICENT CMS ATEX 12/5 T4 0,09kW;en yüksek debi;m³/h;250;canlı teknik veri (max_delivery_m3h);250;0;0;markalar/vortice/vorticent-cms-atex/01-input/11032611474069b1565cead3f_VORTICENT-CMS-ATEX-12-5-T4-0-09kW.pdf;2;üretici;RPM | 1450 | Approx. weight | 5 kg | Max. Flow | 250 m³/h | | // Power | 0,09 kW | RPM | 1346 | I max. (230V) | 0,57 A | I max. (400V) | 0,33 A;aynı;
VRT-253080106XN;VORTICENT CMS ATEX 12/5 T4 0,09kW;motor gücü;kW;0.09;ürün adı (canlı);0.09;0;0;markalar/vortice/vorticent-cms-atex/01-input/11032611474069b1565cead3f_VORTICENT-CMS-ATEX-12-5-T4-0-09kW.pdf;2;üretici;RPM | 1450 | Approx. weight | 5 kg | Max. Flow | 250 m³/h | | // Power | 0,09 kW | RPM | 1346 | I max. (230V) | 0,57 A | I max. (400V) | 0,33 A;aynı;
VRT-253090106XE;VORTICENT CMS ATEX 14/5 T4 0,09kW;en yüksek debi;m³/h;414;canlı teknik veri (max_delivery_m3h);414;0;0;markalar/vortice/vorticent-cms-atex/01-input/11032611474169b1565d0cf5d_VORTICENT-CMS-ATEX-14-5-T4-0-09kW.pdf;2;üretici;RPM | 1450 | Approx. weight | 6 kg | Max. Flow | 414 m³/h | | // Power | 0,09 kW | RPM | 1346 | I max. (230V) | 0,57 A | I max. (400V) | 0,33 A;aynı;
VRT-253090106XE;VORTICENT CMS ATEX 14/5 T4 0,09kW;motor gücü;kW;0.09;ürün adı (canlı);0.09;0;0;markalar/vortice/vorticent-cms-atex/01-input/11032611474169b1565d0cf5d_VORTICENT-CMS-ATEX-14-5-T4-0-09kW.pdf;2;üretici;RPM | 1450 | Approx. weight | 6 kg | Max. Flow | 414 m³/h | | // Power | 0,09 kW | RPM | 1346 | I max. (230V) | 0,57 A | I max. (400V) | 0,33 A;aynı;
VRT-253110106XN;VORTICENT CMS ATEX 16/6 T2 0,37kW;devir;d/dk;2850;canlı teknik veri;2850;0;0;markalar/vortice/vorticent-cms-atex/01-input/11032611474169b1565db3c3f_VORTICENT-CMS-ATEX-16-6-T2-0-37kW.pdf;2;üretici;RPM | 2850 | Approx. weight | 9.5 kg | Max. Flow | 1080 m³/h | | // Power | 0,37 kW | RPM | 2850 | I max. (400V) | 1 A | Size | 71;aynı;
VRT-253110106XN;VORTICENT CMS ATEX 16/6 T2 0,37kW;en yüksek debi;m³/h;1080;canlı teknik veri (max_delivery_m3h);1080;0;0;markalar/vortice/vorticent-cms-atex/01-input/11032611474169b1565db3c3f_VORTICENT-CMS-ATEX-16-6-T2-0-37kW.pdf;2;üretici;RPM | 2850 | Approx. weight | 9.5 kg | Max. Flow | 1080 m³/h | | // Power | 0,37 kW | RPM | 2850 | I max. (400V) | 1 A | Size | 71;aynı;
VRT-253110106XN;VORTICENT CMS ATEX 16/6 T2 0,37kW;motor gücü;kW;0.37;ürün adı (canlı);0.37;0;0;markalar/vortice/vorticent-cms-atex/01-input/11032611474169b1565db3c3f_VORTICENT-CMS-ATEX-16-6-T2-0-37kW.pdf;2;üretici;RPM | 2850 | Approx. weight | 9.5 kg | Max. Flow | 1080 m³/h | | // Power | 0,37 kW | RPM | 2850 | I max. (400V) | 1 A | Size | 71;aynı;
VRT-253260106XN;VORTICENT CMS ATEX 22/9 T4 0,37kW;devir;d/dk;1410;canlı teknik veri;1410;0;0;markalar/vortice/vorticent-cms-atex/01-input/11032611474269b1565e217b0_VORTICENT-CMS-ATEX-22-9-T4-0-37kW.pdf;2;üretici;RPM | 1410 | Approx. weight | 21 kg | Max. Flow | 1830 m³/h | | // Power | 0,37 kW | RPM | 1410 | I max. (400V) | 1,2 A | Size | 71;aynı;
VRT-253260106XN;VORTICENT CMS ATEX 22/9 T4 0,37kW;en yüksek debi;m³/h;1830;canlı teknik veri (max_delivery_m3h);1830;0;0;markalar/vortice/vorticent-cms-atex/01-input/11032611474269b1565e217b0_VORTICENT-CMS-ATEX-22-9-T4-0-37kW.pdf;2;üretici;RPM | 1410 | Approx. weight | 21 kg | Max. Flow | 1830 m³/h | | // Power | 0,37 kW | RPM | 1410 | I max. (400V) | 1,2 A | Size | 71;aynı;
VRT-253260106XN;VORTICENT CMS ATEX 22/9 T4 0,37kW;motor gücü;kW;0.37;ürün adı (canlı);0.37;0;0;markalar/vortice/vorticent-cms-atex/01-input/11032611474269b1565e217b0_VORTICENT-CMS-ATEX-22-9-T4-0-37kW.pdf;2;üretici;RPM | 1410 | Approx. weight | 21 kg | Max. Flow | 1830 m³/h | | // Power | 0,37 kW | RPM | 1410 | I max. (400V) | 1,2 A | Size | 71;aynı;
VRT-253320106XN;VORTICENT CMS ATEX 25/10 T4 0,75kW;devir;d/dk;1410;canlı teknik veri;1410;0;0;markalar/vortice/vorticent-cms-atex/01-input/11032611474269b1565ecbd03_VORTICENT-CMS-ATEX-25-10-T4-0-75kW.pdf;2;üretici;RPM | 1410 | Approx. weight | 26 kg | Max. Flow | 2830 m³/h | | // Power | 0,75 kW | RPM | 1410 | I max. (400V) | 2,1 A | Size | 80;aynı;
VRT-253320106XN;VORTICENT CMS ATEX 25/10 T4 0,75kW;en yüksek debi;m³/h;2830;canlı teknik veri (max_delivery_m3h);2830;0;0;markalar/vortice/vorticent-cms-atex/01-input/11032611474269b1565ecbd03_VORTICENT-CMS-ATEX-25-10-T4-0-75kW.pdf;2;üretici;RPM | 1410 | Approx. weight | 26 kg | Max. Flow | 2830 m³/h | | // Power | 0,75 kW | RPM | 1410 | I max. (400V) | 2,1 A | Size | 80;aynı;
VRT-253320106XN;VORTICENT CMS ATEX 25/10 T4 0,75kW;motor gücü;kW;0.75;ürün adı (canlı);0.75;0;0;markalar/vortice/vorticent-cms-atex/01-input/11032611474269b1565ecbd03_VORTICENT-CMS-ATEX-25-10-T4-0-75kW.pdf;2;üretici;RPM | 1410 | Approx. weight | 26 kg | Max. Flow | 2830 m³/h | | // Power | 0,75 kW | RPM | 1410 | I max. (400V) | 2,1 A | Size | 80;aynı;
VRT-253410106XN;VORTICENT CMS ATEX 28/11 T4 1,1kW;devir;d/dk;1420;canlı teknik veri;1420;0;0;markalar/vortice/vorticent-cms-atex/01-input/11032611474369b1565f88ee4_VORTICENT-CMS-ATEX-28-11-T4-1-1kW.pdf;2;üretici;RPM | 1420 | Approx. weight | 32 kg | Max. Flow | 3580 m³/h | | // Power | 1,1 kW | RPM | 1420 | I max. (400V) | 3,3 A | Size | 90L;aynı;
VRT-253410106XN;VORTICENT CMS ATEX 28/11 T4 1,1kW;en yüksek debi;m³/h;3580;canlı teknik veri (max_delivery_m3h);3580;0;0;markalar/vortice/vorticent-cms-atex/01-input/11032611474369b1565f88ee4_VORTICENT-CMS-ATEX-28-11-T4-1-1kW.pdf;2;üretici;RPM | 1420 | Approx. weight | 32 kg | Max. Flow | 3580 m³/h | | // Power | 1,1 kW | RPM | 1420 | I max. (400V) | 3,3 A | Size | 90L;aynı;
VRT-253410106XN;VORTICENT CMS ATEX 28/11 T4 1,1kW;motor gücü;kW;1.1;ürün adı (canlı);1.1;0;0;markalar/vortice/vorticent-cms-atex/01-input/11032611474369b1565f88ee4_VORTICENT-CMS-ATEX-28-11-T4-1-1kW.pdf;2;üretici;RPM | 1420 | Approx. weight | 32 kg | Max. Flow | 3580 m³/h | | // Power | 1,1 kW | RPM | 1420 | I max. (400V) | 3,3 A | Size | 90L;aynı;
VRT-253420106XN;VORTICENT CMS ATEX 31/12 T4 2,2kW;devir;d/dk;1440;canlı teknik veri;1440;0;0;markalar/vortice/vorticent-cms-atex/01-input/11032611474469b156603ce35_VORTICENT-CMS-ATEX-31-12-T4-2-2kW.pdf;2;üretici;RPM | 1440 | Approx. weight | 54 kg | Max. Flow | 5400 m³/h | | // Power | 2,2 kW | RPM | 1440 | I max. (400V) | 5,8 A | Size | 100L;aynı;
VRT-253420106XN;VORTICENT CMS ATEX 31/12 T4 2,2kW;en yüksek debi;m³/h;5400;canlı teknik veri (max_delivery_m3h);5400;0;0;markalar/vortice/vorticent-cms-atex/01-input/11032611474469b156603ce35_VORTICENT-CMS-ATEX-31-12-T4-2-2kW.pdf;2;üretici;RPM | 1440 | Approx. weight | 54 kg | Max. Flow | 5400 m³/h | | // Power | 2,2 kW | RPM | 1440 | I max. (400V) | 5,8 A | Size | 100L;aynı;
VRT-253420106XN;VORTICENT CMS ATEX 31/12 T4 2,2kW;motor gücü;kW;2.2;ürün adı (canlı);2.2;0;0;markalar/vortice/vorticent-cms-atex/01-input/11032611474469b156603ce35_VORTICENT-CMS-ATEX-31-12-T4-2-2kW.pdf;2;üretici;RPM | 1440 | Approx. weight | 54 kg | Max. Flow | 5400 m³/h | | // Power | 2,2 kW | RPM | 1440 | I max. (400V) | 5,8 A | Size | 100L;aynı;
VRT-253490106XN;VORTICENT CMS ATEX 35/14 T4 3kW;devir;d/dk;1420;canlı teknik veri;1420;0;0;markalar/vortice/vorticent-cms-atex/01-input/11032611474469b15660e015d_VORTICENT-CMS-ATEX-35-14-T4-3kW.pdf;2;üretici;RPM | 1420 | Approx. weight | 63 kg | Max. Flow | 5870 m³/h | | // Power | 3 kW | RPM | 1420 | I max. (400V) | 6,8 A | Size | 100L;aynı;
VRT-253490106XN;VORTICENT CMS ATEX 35/14 T4 3kW;en yüksek debi;m³/h;5870;canlı teknik veri (max_delivery_m3h);5870;0;0;markalar/vortice/vorticent-cms-atex/01-input/11032611474469b15660e015d_VORTICENT-CMS-ATEX-35-14-T4-3kW.pdf;2;üretici;RPM | 1420 | Approx. weight | 63 kg | Max. Flow | 5870 m³/h | | // Power | 3 kW | RPM | 1420 | I max. (400V) | 6,8 A | Size | 100L;aynı;
VRT-253490106XN;VORTICENT CMS ATEX 35/14 T4 3kW;motor gücü;kW;3;ürün adı (canlı);3;0;0;markalar/vortice/vorticent-cms-atex/01-input/11032611474469b15660e015d_VORTICENT-CMS-ATEX-35-14-T4-3kW.pdf;2;üretici;RPM | 1420 | Approx. weight | 63 kg | Max. Flow | 5870 m³/h | | // Power | 3 kW | RPM | 1420 | I max. (400V) | 6,8 A | Size | 100L;aynı;
VRT-253510106XN;VORTICENT CMS ATEX 40/16 T4 7,5kW;devir;d/dk;1448;canlı teknik veri;1448;0;0;markalar/vortice/vorticent-cms-atex/01-input/11032611474569b1566197d5b_VORTICENT-CMS-ATEX-40-16-T4-7-5kW.pdf;2;üretici;RPM | 1448 | Approx. weight | 110 kg | Max. Flow | 10570 m³/h | | // Power | 7,5 kW | RPM | 1448 | I max. (400V) | 15,6 A | Size | 132M;aynı;
VRT-253510106XN;VORTICENT CMS ATEX 40/16 T4 7,5kW;en yüksek debi;m³/h;10570;canlı teknik veri (max_delivery_m3h);10570;0;0;markalar/vortice/vorticent-cms-atex/01-input/11032611474569b1566197d5b_VORTICENT-CMS-ATEX-40-16-T4-7-5kW.pdf;2;üretici;RPM | 1448 | Approx. weight | 110 kg | Max. Flow | 10570 m³/h | | // Power | 7,5 kW | RPM | 1448 | I max. (400V) | 15,6 A | Size | 132M;aynı;
VRT-253510106XN;VORTICENT CMS ATEX 40/16 T4 7,5kW;motor gücü;kW;7.5;ürün adı (canlı);7.5;0;0;markalar/vortice/vorticent-cms-atex/01-input/11032611474569b1566197d5b_VORTICENT-CMS-ATEX-40-16-T4-7-5kW.pdf;2;üretici;RPM | 1448 | Approx. weight | 110 kg | Max. Flow | 10570 m³/h | | // Power | 7,5 kW | RPM | 1448 | I max. (400V) | 15,6 A | Size | 132M;aynı;
VRT-253530121XN;VORTICENT CMS ATEX 45/18 T4 11kW;devir;d/dk;1460;canlı teknik veri;1460;0;0;markalar/vortice/vorticent-cms-atex/01-input/11032611474669b15662580fe_VORTICENT-CMS-ATEX-45-18-T4-11kW.pdf;2;üretici;RPM | 1460 | Approx. weight | 190 kg | Max. Flow | 12500 m³/h | | // Power | 11 kW | RPM | 1460 | I max. (400V) | 20,9 A | Size | 160L;aynı;
VRT-253530121XN;VORTICENT CMS ATEX 45/18 T4 11kW;en yüksek debi;m³/h;12500;canlı teknik veri (max_delivery_m3h);12500;0;0;markalar/vortice/vorticent-cms-atex/01-input/11032611474669b15662580fe_VORTICENT-CMS-ATEX-45-18-T4-11kW.pdf;2;üretici;RPM | 1460 | Approx. weight | 190 kg | Max. Flow | 12500 m³/h | | // Power | 11 kW | RPM | 1460 | I max. (400V) | 20,9 A | Size | 160L;aynı;
VRT-253530121XN;VORTICENT CMS ATEX 45/18 T4 11kW;motor gücü;kW;11;ürün adı (canlı);11;0;0;markalar/vortice/vorticent-cms-atex/01-input/11032611474669b15662580fe_VORTICENT-CMS-ATEX-45-18-T4-11kW.pdf;2;üretici;RPM | 1460 | Approx. weight | 190 kg | Max. Flow | 12500 m³/h | | // Power | 11 kW | RPM | 1460 | I max. (400V) | 20,9 A | Size | 160L;aynı;
